"113468","535640","583670","2003-01-01","0.519278977327","0.404706016926","0.282165665348","0.195649058906","0.504537215455"
"113469","535640","583670","2003-01-06","0.601667753945","0.488102857917","0.373718140307","0.114387515896","0.314218619697"
"113470","535640","583670","2003-01-11","0.326182099482","0.348279742311","0.431603335687","0.162883234509","0.284549614821"
"113471","535640","583670","2003-01-16","0.173016958993","0.0790099528802","0.0200783819815","0.0391388280077","0.228764730875"
"113472","535640","583670","2003-01-21","0.0634265207173","0.0171410765884","0.00727490065846","0.00262694766099","0.00535343334831"
"113473","535640","583670","2003-01-26","0.000228798809895","1.25327951185e-05","1.79345777771e-05","4.16289298962e-06","0.00013355859603"
"113474","535640","583670","2003-01-31","7.7894588278e-06","2.87244117194e-06","6.22003965835e-05","0.000290434491786","0.00288644779318"
"113475","535640","583670","2003-02-05","1.62941486212e-05","5.61040647854e-05","0.000245364649232","0.00459207879575","0.0121174731055"
"113476","535640","583670","2003-02-10","2.01033140998e-05","0.00177700655632","0.00416096086162","0.00687504243545","0.0451774864071"
"113477","535640","583670","2003-02-15","0.0011913337595","0.0348790278426","0.0464463999772","0.0590055320812","0.247629427525"
"113478","535640","583670","2003-02-20","0.0282952662391","0.144653479133","0.234441474818","0.315526352645","0.347136707776"
"113479","535640","583670","2003-02-25","0.0679863350422","0.155577193839","0.120401804508","0.233783983503","0.817631228452"
"113480","535640","583670","2003-03-02","0.0167875548809","0.0643895032684","0.056761448296","0.208500448941","0.465333815902"
"113481","535640","583670","2003-03-07","0.0100934230941","0.0293771915019","0.0189400446502","0.137807524528","0.353949143287"
"113482","535640","583670","2003-03-12","0.0109469582513","0.0570065722173","0.0747118419925","0.283204025175","0.436918209681"
"113483","535640","583670","2003-03-17","0.0246942179597","0.110208266227","0.054070708729","0.0781135811782","0.185487309145"
"113484","535640","583670","2003-03-22","0.0093018327903","0.0502191803132","0.0265298581734","0.0270893677245","0.1144895376"
"113485","535640","583670","2003-03-27","0.252840483023","0.333776378836","0.0859827482698","0.00686568476635","0.0164796206028"
"113486","535640","583670","2003-04-01","0.297926336059","0.311407537811","0.299702910506","0.0461007579628","0.0702847764366"
"113487","535640","583670","2003-04-06","0.296453844399","0.144524687348","0.222333273499","0.0379810808414","0.0386375612834"
"113488","535640","583670","2003-04-11","0.0128003372496","0.00571058371447","0.0496186407825","0.0156932011707","0.0401888368831"
"113489","535640","583670","2003-04-16","0.026712482794","0.0177990516822","0.129887741298","0.0325787267674","0.0575414328976"
"113490","535640","583670","2003-04-21","0.0453972288185","0.0235821880713","0.0436898272692","0.0596665427635","0.0897747434536"
"113491","535640","583670","2003-04-26","0.0397552265003","0.0235695506342","0.107476152885","0.228982229334","0.406523976781"
"113492","535640","583670","2003-05-01","0.502664914633","0.453056125122","0.819722730091","0.51002872328","0.503270458883"
"113493","535640","583670","2003-05-06","0.947844686276","0.397389156907","0.681083733537","0.92414610008","0.919770733787"
"113494","535640","583670","2003-05-11","0.187113393331","0.246000173166","0.686456828775","0.900505539486","0.640343851279"
"113495","535640","583670","2003-05-16","0.339638278336","0.690452707101","0.301022860135","0.267894939957","0.108924164167"
"113496","535640","583670","2003-05-21","0.482978950285","0.665834521962","0.54024045162","0.12985089214","0.201650028941"
"113497","535640","583670","2003-05-26","0.781573827784","0.639849708669","0.221197813271","0.279018521856","0.452886403149"
"113498","535640","583670","2003-05-31","0.391037581348","0.862426377407","0.445445348362","0.570488183053","0.686041908169"
"113499","535640","583670","2003-06-05","0.949211540141","0.71006098475","0.845360503553","0.940630786808","0.794418848158"
"113500","535640","583670","2003-06-10","0.635820958626","0.0895420566576","0.226991915267","0.423785104553","0.599096287693"
"113501","535640","583670","2003-06-15","0.895867234949","0.17745134292","0.309796655352","0.5447927211","0.645241351314"
"113502","535640","583670","2003-06-20","0.423913615053","0.0458547816102","0.524493935497","0.368069170544","0.658507544305"
"113503","535640","583670","2003-06-25","0.364568923445","0.128251685727","0.567386286141","0.741767895779","0.869600461834"
"113504","535640","583670","2003-06-30","0.4388478391","0.64695238615","0.968942244197","0.844338692843","0.953172600505"
"113505","535640","583670","2003-07-05","0.0847861807752","0.289610271537","0.420078464604","0.623708658995","0.563364874886"
"113506","535640","583670","2003-07-10","0.236151349532","0.471394021492","0.481195369855","0.114708587633","0.366923888679"
"113507","535640","583670","2003-07-15","0.988368212546","0.0163455781241","0.0399702743928","0.168101956884","0.608087266489"
"113508","535640","583670","2003-07-20","0.949355527349","0.212823066418","0.71337765392","0.777470013792","0.856135646254"
"113509","535640","583670","2003-07-25","0.327240358338","0.970935280553","0.869752607704","0.911374272245","0.961623124844"
"113510","535640","583670","2003-07-30","0.344646158858","0.459456932637","0.683378277556","0.88202916976","0.445335283266"
"113511","535640","583670","2003-08-04","0.384230340745","0.233803947655","0.360795436533","0.551029864403","0.589959912041"
"113512","535640","583670","2003-08-09","0.197759745156","0.262645270224","0.286838248682","0.569431622348","0.798149756004"
"113513","535640","583670","2003-08-14","0.383804440178","0.0931670372807","0.0940645777995","0.337073870849","0.645166608156"
"113514","535640","583670","2003-08-19","0.375294159755","0.153569500596","0.139020618872","0.390311597037","0.677251084271"
"113515","535640","583670","2003-08-24","0.285209736138","0.109997208339","0.0616986755342","0.130296005878","0.166322067071"
"113516","535640","583670","2003-08-29","0.692839733736","0.215475935723","0.332724607704","0.69106238894","0.83270512741"
"113517","535640","583670","2003-09-03","0.712307248995","0.550832703223","0.619848309174","0.697361754237","0.692360281573"
"113518","535640","583670","2003-09-08","0.615467503297","0.521841612721","0.776215944574","0.402522789112","0.628018272884"
"113519","535640","583670","2003-09-13","0.821566189325","0.523883365681","0.911241537155","0.0848128874834","0.549497858781"
"113520","535640","583670","2003-09-18","0.0785166026202","0.389374694122","0.315067052713","0.169472550999","0.438787045427"
"113521","535640","583670","2003-09-23","0.103219087821","0.533564740902","0.374626828818","0.166563701011","0.237939731547"
"113522","535640","583670","2003-09-28","0.0146628886101","0.146143034572","0.134817159599","0.0129870044614","0.066409067785"
"113523","535640","583670","2003-10-03","0.00128043891098","0.0298367792143","0.0603066535298","0.0327812240292","0.0194114764925"
"113524","535640","583670","2003-10-08","1.26649895169e-05","0.000462393628035","6.84596267774e-06","6.05167235736e-06","0.000267154730153"
"113525","535640","583670","2003-10-13","0.000985691300285","0.000278113042541","0.000241598114613","0.000271443453329","0.000425906568658"
"113526","535640","583670","2003-10-18","0.00160252247486","0.00167030643305","0.00554164751373","0.0126388869943","0.0529615889706"
"113527","535640","583670","2003-10-23","0.000943647314522","0.00138642743501","0.00886938804552","0.0243918224482","0.061182383424"
"113528","535640","583670","2003-10-28","0.00186577026861","0.00720256357594","0.10918733863","0.107341612607","0.516140041554"
"113529","535640","583670","2003-11-02","0.018353836892","0.0303599938771","0.24043979957","0.100482070243","0.0155506023301"
"113530","535640","583670","2003-11-07","0.0204443166763","0.0724123452762","0.03925514807","0.0578248108646","0.144341972146"
"113531","535640","583670","2003-11-12","0.00780532629025","0.0186681381236","0.13677986799","0.181629906508","0.450756482634"
"113532","535640","583670","2003-11-17","0.00839189053985","0.0196588316466","0.139679393821","0.256935713436","0.674428160657"
"113533","535640","583670","2003-11-22","0.0049306815603","0.0126635883696","0.0348124976701","0.189310658556","0.513371784068"
"113534","535640","583670","2003-11-27","0.0166479014392","0.0670944976049","0.192409107848","0.357054141487","0.166034966085"
"113535","535640","583670","2003-12-02","0.0198158779965","0.0545168585941","0.201798697399","0.194782267389","0.418037211772"
"467191","535640","583670","2004-01-01","0.00334268816539","0.0162122416994","0.0262572490251","0.076899738679","0.102757789005"
"467192","535640","583670","2004-01-06","7.62178278295e-05","0.000664746594435","0.00675036593802","0.0338596700118","0.0500294647921"
"467193","535640","583670","2004-01-11","5.10124888246e-05","0.0569854728542","0.291993445126","0.61184610089","0.47320344026"
"467194","535640","583670","2004-01-16","0.000321007617885","0.0224771482051","0.040132453465","0.0112852585713","0.0535085847337"
"467195","535640","583670","2004-01-21","6.43793164754e-06","0.000983875043191","0.00376568321704","0.00784260356434","0.0231735308928"
"467196","535640","583670","2004-01-26","1.7595670721e-06","4.69201531288e-05","1.52068825534e-05","5.97189125148e-05","0.000511609491982"
"467197","535640","583670","2004-01-31","0.000214325201879","0.00249482943072","0.00583294154403","0.0102142311463","0.00287726662677"
"467198","535640","583670","2004-02-05","0.000546455035203","0.00379921189809","0.0190867850772","0.0449757637195","0.00282782212081"
"467199","535640","583670","2004-02-10","0.000318541504765","0.00139534190701","0.0114613801919","0.027929587499","0.0513232776107"
"467200","535640","583670","2004-02-15","1.87314275421e-05","0.00015988171742","0.00173667782893","0.0117655250807","0.0261844970782"
"467201","535640","583670","2004-02-20","2.97330885054e-06","1.82091993695e-05","0.000326862586167","0.00287729537059","0.00115677900606"
"467202","535640","583670","2004-02-25","3.84823957628e-06","1.77932941665e-07","8.84657130855e-06","0.000602246052403","0.00237556573493"
"467203","535640","583670","2004-03-01","1.11533936639e-05","1.5991608999e-06","3.59973648554e-05","0.00180479758407","0.0166428510953"
"467204","535640","583670","2004-03-06","0.000188870355534","8.24760125974e-05","0.000751257802555","0.0121869350507","0.105283036278"
"467205","535640","583670","2004-03-11","0.000104882612603","9.4533937149e-05","0.00325387129377","0.00481728573503","0.0426466241008"
"467206","535640","583670","2004-03-16","0.00117653676828","0.00624165546782","0.0050073232812","0.045234056009","0.179975570323"
"467207","535640","583670","2004-03-21","0.0037466187282","0.00655658620102","0.000820899397656","0.0169303622541","0.0457234115249"
"467208","535640","583670","2004-03-26","0.000753633008696","0.00441982981709","0.000724100377913","0.00201853573163","0.0209360241615"
"467209","535640","583670","2004-03-31","0.00104595100374","0.00432708377682","0.0243679819833","0.0487115875554","0.0303019173803"
"467210","535640","583670","2004-04-05","0.026153667","0.0336966745541","0.102901533633","0.0591302653804","0.153197021626"
"467211","535640","583670","2004-04-10","0.0474850874826","0.0150682461129","0.042998737186","0.0624764994581","0.158367737457"
"467212","535640","583670","2004-04-15","0.0672546717088","0.00790661021081","0.0161068070935","0.0238491442664","0.0283151101228"
"467213","535640","583670","2004-04-20","0.0662421084566","0.0152251799284","0.0717952791378","0.15127671082","0.0871721336508"
"467214","535640","583670","2004-04-25","0.0834182161936","0.0118067412542","0.114903213861","0.213622949311","0.252068457234"
"467215","535640","583670","2004-04-30","0.504411051656","0.0621390461857","0.239811173801","0.572394030825","0.755240128181"
"467216","535640","583670","2004-05-05","0.381028493028","0.189162775292","0.421496485862","0.695922314535","0.506707546141"
"467217","535640","583670","2004-05-10","0.185020883816","0.289836767678","0.522978240384","0.458216232288","0.134138819673"
"467218","535640","583670","2004-05-15","0.335881589292","0.265374247653","0.469386949923","0.301990129886","0.54609717603"
"467219","535640","583670","2004-05-20","0.907744811851","0.735026464882","0.753135342284","0.713441527043","0.691286767605"
"467220","535640","583670","2004-05-25","0.276618597203","0.362095116869","0.380638008812","0.0888959822078","0.197015861526"
"467221","535640","583670","2004-05-30","0.361942999027","0.491040538554","0.168160035681","0.184689458986","0.171121198623"
"467222","535640","583670","2004-06-04","0.209317584842","0.874427117271","0.382154349244","0.768016849439","0.695913329298"
"467223","535640","583670","2004-06-09","0.0294734666716","0.236050677165","0.234657642853","0.265242382878","0.177431791598"
"467224","535640","583670","2004-06-14","0.00906530859613","0.191886342066","0.148936703377","0.140543464707","0.161484773015"
"467225","535640","583670","2004-06-19","0.0252632109762","0.211271370653","0.125686504654","0.295837909171","0.32651173445"
"467226","535640","583670","2004-06-24","0.026921056819","0.307414759615","0.296600776563","0.629271986997","0.45976329687"
"467227","535640","583670","2004-06-29","0.092555609673","0.469207872872","0.726210498274","0.64381505529","0.818440880117"
"467228","535640","583670","2004-07-04","0.236537086024","0.550547755292","0.295436373513","0.894961878671","0.470996584068"
"467229","535640","583670","2004-07-09","0.612915865455","0.267741511629","0.306334706034","0.762941261105","0.31152744443"
"467230","535640","583670","2004-07-14","0.229523872384","0.476682404198","0.468652830805","0.684907695372","0.159344898974"
"467231","535640","583670","2004-07-19","0.303059915619","0.638941819033","0.900320320861","0.679049178304","0.186164609106"
"467232","535640","583670","2004-07-24","0.338679781934","0.329875642574","0.551282010888","0.00257522156519","0.0479534791968"
"467233","535640","583670","2004-07-29","0.718098654918","0.62753300522","0.774328836463","0.807097994753","0.614606803941"
"467234","535640","583670","2004-08-03","0.18497285357","0.502415588452","0.637304923376","0.858553434856","0.911894949551"
"467235","535640","583670","2004-08-08","0.134351980922","0.283436326655","0.567747393355","0.47885339782","0.409109685593"
"467236","535640","583670","2004-08-13","0.0539208963318","0.176647132381","0.342436660283","0.35748394105","0.175644068384"
"467237","535640","583670","2004-08-18","0.0703962441233","0.102401472116","0.346266870069","0.360750970082","0.0625015562002"
"467238","535640","583670","2004-08-23","0.471255814014","0.658630628052","0.713135485364","0.435851830877","0.237191487421"
"467239","535640","583670","2004-08-28","0.385164028595","0.404214283191","0.69768722567","0.331350047138","0.27202445604"
"467240","535640","583670","2004-09-02","0.00135798500831","0.0050334985665","0.0305840441222","0.0149064359101","0.039858991155"
"467241","535640","583670","2004-09-07","3.31978152815e-05","0.000719301924512","0.00790089500368","0.00703823572349","0.0089059860382"
"467242","535640","583670","2004-09-12","8.06336437192e-06","0.000133655702474","0.00220615708405","0.00410635712675","0.00638805229002"
"467243","535640","583670","2004-09-17","6.50432003424e-08","6.3519604867e-07","8.42595308322e-06","3.03397590472e-05","9.01570193592e-05"
"467244","535640","583670","2004-09-22","1.34239866121e-06","1.88565052856e-05","0.000153807863965","0.000260133284196","0.00264876951462"
"467245","535640","583670","2004-09-27","1.44891262646e-06","2.15785260425e-06","0.00558557836908","0.0260981402223","0.138379795622"
"467246","535640","583670","2004-10-02","0.0137090987368","0.0117403600875","0.0223344301558","0.0367425326543","0.030143733051"
"467247","535640","583670","2004-10-07","0.00288489156335","0.000740181545856","0.00333201475141","0.0305792391009","0.426232562857"
"467248","535640","583670","2004-10-12","0.00915461612317","0.00386494489246","0.0146383559756","0.0269856420012","0.0754646294659"
"467249","535640","583670","2004-10-17","0.0105590956116","0.00705412723098","0.05329063131","0.216097690894","0.546094964917"
"467250","535640","583670","2004-10-22","0.00116929975042","0.00450898060167","0.132193731276","0.29278730716","0.619747160054"
"467251","535640","583670","2004-10-27","0.00110233678915","0.00296032308895","0.0119433698403","0.148447346243","0.114358346206"
"467252","535640","583670","2004-11-01","0.0201119797627","0.0258678411875","0.0354022220618","0.135856004345","0.164620397502"
"467253","535640","583670","2004-11-06","0.00710234579224","0.00922167444695","0.0452686846912","0.0594989434466","0.0706294904341"
"467254","535640","583670","2004-11-11","0.00140768060275","0.0069917040078","0.00587475344381","0.0230358377111","0.0554321430022"
"467255","535640","583670","2004-11-16","0.00453740061389","0.011751927594","0.0331296218739","0.160688680616","0.384925632835"
"467256","535640","583670","2004-11-21","0.0116614204516","0.0256817994466","0.145715529497","0.422445056849","0.720775072739"
"467257","535640","583670","2004-11-26","0.000959176437476","0.0218058774218","0.0353294872891","0.0867663547143","0.211460758683"
"467258","535640","583670","2004-12-01","0.000130264342298","0.020489446394","0.0974136535722","0.167049177632","0.337405868398"
"834151","535640","583670","2005-01-01","0.0638123233064","0.173505088606","0.128439364533","0.061251582596","0.244250332364"
"834152","535640","583670","2005-01-06","0.0219948042774","0.00782973021391","0.0549016268262","0.00795069144538","0.0298476963525"
"834153","535640","583670","2005-01-11","0.142288698339","0.222008561254","0.124267059584","0.0263291930726","0.0473155050148"
"834154","535640","583670","2005-01-16","0.0462033145722","0.12141270075","0.036072455946","0.0513264451774","0.0267678211682"
"834155","535640","583670","2005-01-21","0.0184203025547","0.0834303748359","0.0351395366669","0.00715505150736","0.00778783232142"
"834156","535640","583670","2005-01-26","0.00509289298595","0.0408162148642","0.0105366946994","0.00829657577796","0.00014539552044"
"834157","535640","583670","2005-01-31","0.0150195359757","0.0673147228738","0.00439259112616","0.00719989007334","0.000173692198964"
"834158","535640","583670","2005-02-05","0.0115764172759","0.00227564135868","0.00326788387786","0.0194444195237","0.00993959913483"
"834159","535640","583670","2005-02-10","9.68153826508e-06","4.4590790004e-05","0.000423411424226","0.00149758807329","0.00279748330093"
"834160","535640","583670","2005-02-15","0.000113366814482","0.000353506055484","0.00155004873017","0.0005908210791","0.0149986533128"
"834161","535640","583670","2005-02-20","7.38355376508e-05","0.000403699304307","0.00213353738864","0.00146896598338","0.0285830991072"
"834162","535640","583670","2005-02-25","2.05392041667e-05","9.74118257658e-05","0.00127005598366","0.000316927906869","0.00989522157831"
"834163","535640","583670","2005-03-02","1.6393076606e-05","0.000127478666793","0.0020522273405","0.000874023635455","0.0056746796211"
"834164","535640","583670","2005-03-07","6.24593215179e-05","0.000264986284672","0.12403537332","0.0371132565551","0.17951696449"
"834165","535640","583670","2005-03-12","0.0217594825628","0.0655407348182","0.0837396148262","0.158007146786","0.664214534763"
"834166","535640","583670","2005-03-17","0.0108125389173","0.0679098653688","0.152625748132","0.142002203059","0.50819464784"
"834167","535640","583670","2005-03-22","0.0667132926163","0.242686455034","0.398419570456","0.556641933785","0.594964521506"
"834168","535640","583670","2005-03-27","0.178286293269","0.363996430578","0.55051155888","0.17120112001","0.135004910086"
"834169","535640","583670","2005-04-01","0.254236410027","0.151054316715","0.237810216648","0.272058563021","0.230988857899"
"834170","535640","583670","2005-04-06","0.0304332294353","0.101487323171","0.348664907818","0.525803639307","0.609074750451"
"834171","535640","583670","2005-04-11","0.18171886106","0.0242581278577","0.0483594592186","0.214060313295","0.348067835778"
"834172","535640","583670","2005-04-16","0.40322265293","0.160227113397","0.13702830141","0.341765675659","0.446449195391"
"834173","535640","583670","2005-04-21","0.554609267868","0.4186931231","0.442809148387","0.318818377753","0.409780178649"
"834174","535640","583670","2005-04-26","0.696761725014","0.827605264682","0.776930431888","0.31708488915","0.271315135544"
"834175","535640","583670","2005-05-01","0.625786052593","0.846274735974","0.91873737953","0.103029430922","0.290032507782"
"834176","535640","583670","2005-05-06","0.0305846813158","0.00124713020265","0.00164455612237","0.0143139924731","0.10958033538"
"834177","535640","583670","2005-05-11","0.400942190344","0.135950625838","0.375753029613","0.451759606156","0.639333303641"
"834178","535640","583670","2005-05-16","0.728002401883","0.375781412464","0.77607541852","0.489337790852","0.552784746"
"834179","535640","583670","2005-05-21","0.914733239238","0.487832755802","0.667265583221","0.0700321351503","0.018464859563"
"834180","535640","583670","2005-05-26","0.803110687581","0.703812188604","0.376680147656","0.036200657557","0.00915887733797"
"834181","535640","583670","2005-05-31","0.267254795256","0.329792768922","0.89907578716","0.477763652232","0.449371592399"
"834182","535640","583670","2005-06-05","0.177255204496","0.237796309207","0.490247509837","0.421467945969","0.290306560503"
"834183","535640","583670","2005-06-10","0.357256485362","0.306960403375","0.559844413021","0.174604299714","0.122775982458"
"834184","535640","583670","2005-06-15","0.755003342847","0.661682195352","0.720513958094","0.194235474676","0.262774422731"
"834185","535640","583670","2005-06-20","0.992858321361","0.655714935258","0.579506509981","0.499815995305","0.273606200599"
"834186","535640","583670","2005-06-25","0.99714850082","0.917843938793","0.839153154967","0.638115874807","0.411852300443"
"834187","535640","583670","2005-06-30","0.468530003312","0.977064679237","0.938266860457","0.287328391579","0.25036080776"
"834188","535640","583670","2005-07-05","0.149180095908","0.491812251157","0.335042646377","0.116667574978","0.300941764083"
"834189","535640","583670","2005-07-10","0.271258616438","0.451843389266","0.895846114554","0.978307731006","0.973897889295"
"834190","535640","583670","2005-07-15","0.869649615295","0.953256690964","0.998404923311","0.880270801593","0.955920747763"
"834191","535640","583670","2005-07-20","0.76970128509","0.580770032881","0.476570929652","0.532111788613","0.632344666494"
"834192","535640","583670","2005-07-25","0.9573109489","0.989478664442","0.717261123684","0.368118074245","0.500872957981"
"834193","535640","583670","2005-07-30","0.803927298711","0.868332934975","0.750178508831","0.339269848722","0.469456730079"
"834194","535640","583670","2005-08-04","0.587889794579","0.677510849237","0.546547823083","0.0841097486049","0.250454944277"
"834195","535640","583670","2005-08-09","0.461295081491","0.823884153637","0.397992857716","0.137839370604","0.0397929245266"
"834196","535640","583670","2005-08-14","0.481399411462","0.0820712955605","0.0329614161858","0.0221112146877","0.0618706000389"
"834197","535640","583670","2005-08-19","0.249338385255","0.644029374034","0.406336860752","0.623970376445","0.206888615586"
"834198","535640","583670","2005-08-24","0.35241641623","0.441914556698","0.290137302833","0.349928487179","0.308389933338"
"834199","535640","583670","2005-08-29","0.440373577722","0.0955997137035","0.232507733384","0.233816802288","0.250944315385"
"834200","535640","583670","2005-09-03","0.466492643879","0.164438464596","0.132002937235","0.146250501726","0.358327018104"
"834201","535640","583670","2005-09-08","0.127629668454","0.0162164162082","0.0397090209321","0.0137610102686","0.037471484725"
"834202","535640","583670","2005-09-13","0.06238355446","0.0308997850891","0.0722663482021","0.187880368946","0.353708091893"
"834203","535640","583670","2005-09-18","0.0599034217514","0.0114492826855","0.0401423537132","0.217211868826","0.330225230675"
"834204","535640","583670","2005-09-23","0.0731442150782","0.00906952004779","0.0159432743462","0.15602344197","0.313265308819"
"834205","535640","583670","2005-09-28","0.0419415443452","0.0185512738004","0.0312884765576","0.136634633082","0.376672236453"
"834206","535640","583670","2005-10-03","0.0107361483429","0.00960964421697","0.0583165546558","0.180357846543","0.550049396802"
"834207","535640","583670","2005-10-08","0.0269324645317","0.0120655278798","0.0199833324244","0.0256186177641","0.0780517638919"
"834208","535640","583670","2005-10-13","0.0145388346851","0.00224237181019","0.00269956621517","0.00492590350219","0.0351127609032"
"834209","535640","583670","2005-10-18","0.00125626942753","0.00350017468345","0.00732735124389","0.00856182174648","0.0337579675063"
"834210","535640","583670","2005-10-23","0.00101440819595","0.000745776410363","0.00455358480161","0.00176628037333","0.0116914273003"
"834211","535640","583670","2005-10-28","0.00786432408305","0.0113873672556","0.0187271994211","0.00190468583651","0.00300793163623"
"834212","535640","583670","2005-11-02","0.0344110983381","0.0879787322742","0.251323052921","0.0258633270752","0.0610994964482"
"834213","535640","583670","2005-11-07","0.0145734612114","0.0411551505399","0.0793064046551","0.0346199434377","0.073480318513"
"834214","535640","583670","2005-11-12","0.0155893177981","0.0257796839468","0.0792991893172","0.0372636551569","0.12457786483"
"834215","535640","583670","2005-11-17","0.0255718798568","0.0356814999147","0.0851498704429","0.117797258862","0.0536637019539"
"834216","535640","583670","2005-11-22","0.0495245899883","0.138019569622","0.225459778421","0.156220480472","0.020387660861"
"834217","535640","583670","2005-11-27","0.0286973952735","0.130668897155","0.17364082102","0.121566139992","0.027470863631"
"834218","535640","583670","2005-12-02","0.0232462313411","0.403066808286","0.663388192207","0.146346517064","0.331186423257"
"1221549","535640","583670","2006-01-01","0.0668194092503","0.0259355175931","0.0926882526828","0.28633508985","0.583039953873"
"1221550","535640","583670","2006-01-06","0.13012069953","0.0155255044483","0.050912406337","0.198941977779","0.287071330245"
"1221551","535640","583670","2006-01-11","0.156577626169","0.00670261942895","0.0286084697875","0.0712365080905","0.2473759027"
"1221552","535640","583670","2006-01-16","0.0287151323618","0.00758381338325","0.0247467983005","0.0719714329035","0.0936729851346"
"1221553","535640","583670","2006-01-21","0.00635314062974","0.00089423519249","0.00215407386004","0.0140632944195","0.0179656068474"
"1221554","535640","583670","2006-01-26","0.000508768110996","7.76534064024e-05","0.000485482423262","0.00154697286757","0.000586026894985"
"1221555","535640","583670","2006-01-31","0.000205289201461","9.22024186863e-06","3.34236678082e-05","0.000503347428326","0.000456038535907"
"1221556","535640","583670","2006-02-05","1.02367655972e-05","1.35330259542e-06","7.56188129974e-06","6.21016141673e-05","0.000282184484558"
"1221557","535640","583670","2006-02-10","3.32450994619e-06","3.00584984217e-06","1.82495732913e-05","0.000187245989432","0.00218078907511"
"1221558","535640","583670","2006-02-15","1.30058742282e-06","6.26791769449e-07","1.13723998763e-06","1.55005788073e-05","0.000947299641864"
"1221559","535640","583670","2006-02-20","3.58769787754e-05","0.00037247452725","0.000134309632955","0.000305334846387","0.00191513715793"
"1221560","535640","583670","2006-02-25","2.46838691316e-05","9.34811231737e-05","8.12259792184e-05","0.000627310059481","0.00407658383413"
"1221561","535640","583670","2006-03-02","5.2659954791e-07","1.6327005881e-06","3.24506181915e-06","1.97625269651e-05","0.000134284134892"
"1221562","535640","583670","2006-03-07","1.37436580523e-07","4.20303684516e-06","0.000104905667474","0.00850614416461","0.0316009107175"
"1221563","535640","583670","2006-03-12","0.000518601025158","0.0102393601173","0.009292992857","0.034882876682","0.00738599747955"
"1221564","535640","583670","2006-03-17","2.41254028134e-05","0.001152774208","0.000778463766344","0.00305992846342","0.00981248046396"
"1221565","535640","583670","2006-03-22","2.9712619532e-05","0.000846033841677","0.00125932055599","0.00385127536064","0.0275218958555"
"1221566","535640","583670","2006-03-27","0.00276105447065","0.040556334044","0.0618127354549","0.140047917347","0.279288373369"
"1221567","535640","583670","2006-04-01","0.0106899066138","0.0890507410675","0.161645556732","0.259062340474","0.311945277118"
"1221568","535640","583670","2006-04-06","0.00152166994168","0.0192160559567","0.0365832318684","0.0829088641595","0.800661874576"
"1221569","535640","583670","2006-04-11","0.329074154344","0.619071534634","0.668097405005","0.747729102468","0.760493414129"
"1221570","535640","583670","2006-04-16","0.187931589181","0.748231840333","0.738831401187","0.83711870657","0.607919281538"
"1221571","535640","583670","2006-04-21","0.214161258577","0.285065779549","0.0647420347935","0.12315505715","0.0478206172967"
"1221572","535640","583670","2006-04-26","0.391161755819","0.0262062013714","0.0474101244064","0.0281336356686","0.335889998459"
"1221573","535640","583670","2006-05-01","0.791819225031","0.0206179533952","0.249249996933","0.127161876671","0.190481547476"
"1221574","535640","583670","2006-05-06","0.870364877234","0.0534440443535","0.316756708796","0.397785250034","0.285636135895"
"1221575","535640","583670","2006-05-11","0.985600952192","0.0523234750601","0.260624366702","0.193004184522","0.174786099485"
"1221576","535640","583670","2006-05-16","0.69072556678","0.0133939116894","0.209530036367","0.353399119965","0.0366872894318"
"1221577","535640","583670","2006-05-21","0.482265223512","0.218835011407","0.537225624173","0.771838452719","0.56001861791"
"1221578","535640","583670","2006-05-26","0.274732668025","0.507960518705","0.725449038349","0.726313494868","0.403189773566"
"1221579","535640","583670","2006-05-31","0.250094096446","0.561752039727","0.699976177929","0.932675293542","0.819563499095"
"1221580","535640","583670","2006-06-05","0.115009492617","0.265448450123","0.205598880034","0.521130770508","0.389954915097"
"1221581","535640","583670","2006-06-10","0.133368035238","0.402278264734","0.414637965715","0.519230252202","0.703066763562"
"1221582","535640","583670","2006-06-15","0.0533521687317","0.341883433404","0.405060142557","0.754940722379","0.909928336083"
"1221583","535640","583670","2006-06-20","0.294392499103","0.992927046443","0.745868704351","0.919489897901","0.911525733798"
"1221584","535640","583670","2006-06-25","0.317427819285","0.979440918284","0.897120259888","0.840113913423","0.913694461957"
"1221585","535640","583670","2006-06-30","0.413773433238","0.413954147707","0.464591648414","0.50232071919","0.75079172945"
"1221586","535640","583670","2006-07-05","0.539770216965","0.399718018971","0.549294119409","0.580901108023","0.766801840643"
"1221587","535640","583670","2006-07-10","0.922036966713","0.272147193709","0.579763852482","0.709028748977","0.861289570289"
"1221588","535640","583670","2006-07-15","0.825343938425","0.545546858723","0.925565425468","0.455897789788","0.390196529795"
"1221589","535640","583670","2006-07-20","0.883378276962","0.817414356281","0.664314422202","0.899224383405","0.921741288738"
"1221590","535640","583670","2006-07-25","0.0984445611843","0.355873210199","0.237853570906","0.278192711785","0.444866613001"
"1221591","535640","583670","2006-07-30","0.0802826941047","0.145364928137","0.280363318116","0.376371739828","0.296630377559"
"1221592","535640","583670","2006-08-04","0.0986762995356","0.169415269053","0.366858529427","0.0115831889722","0.0552660350306"
"1221593","535640","583670","2006-08-09","0.0643991971279","0.0350187203258","0.0857622429306","0.055909778367","0.130817229551"
"1221594","535640","583670","2006-08-14","0.91938092721","0.238682956526","0.284694855051","0.395535258748","0.230386011618"
"1221595","535640","583670","2006-08-19","0.56616170852","0.205787969264","0.181661224241","0.243358118977","0.759740503398"
"1221596","535640","583670","2006-08-24","0.707933673639","0.196369695844","0.132987878374","0.190298622972","0.288072647917"
"1221597","535640","583670","2006-08-29","0.899025649586","0.271143576621","0.346348258943","0.079146145962","0.397863706961"
"1221598","535640","583670","2006-09-03","0.609258237513","0.763418924722","0.976036950369","0.615192963912","0.69298052887"
"1221599","535640","583670","2006-09-08","0.295600182417","0.735277240428","0.634336559032","0.896395494055","0.356775549884"
"1221600","535640","583670","2006-09-13","0.859220338116","0.769865720117","0.447794166865","0.363525040108","0.181676242238"
"1221601","535640","583670","2006-09-18","0.805658776689","0.904068015162","0.593137577288","0.589754760161","0.301006133097"
"1221602","535640","583670","2006-09-23","0.669225436362","0.932622807721","0.955278509084","0.590904396324","0.497844411088"
"1221603","535640","583670","2006-09-28","0.315918664934","0.0872945421342","0.102175462912","0.400345615737","0.268526335583"
"1221604","535640","583670","2006-10-03","0.363880125813","0.0403156043392","0.128756061352","0.203685198747","0.21486644434"
"1221605","535640","583670","2006-10-08","0.225718459999","0.00886187061487","0.021552673143","0.0310172180506","0.0999441271392"
"1221606","535640","583670","2006-10-13","0.0189122332379","0.00304900766026","0.00520058081948","0.00833768870161","0.000425233569076"
"1221607","535640","583670","2006-10-18","0.00170870863046","0.00397894181063","0.00241322340518","0.0503637805417","0.173425758219"
"1221608","535640","583670","2006-10-23","0.00144143703081","0.0033180301897","0.00268451243477","0.0237906377025","0.0571999298547"
"1221609","535640","583670","2006-10-28","0.00430974649098","0.0199895862935","0.00659516898887","0.0220777566244","0.0580577874225"
"1221610","535640","583670","2006-11-02","0.00859935994983","0.0342845264078","0.0243297287102","0.016087436412","0.0592710519294"
"1221611","535640","583670","2006-11-07","0.0032695969566","0.0195185831393","0.0916872352657","0.0553717599773","0.101952877068"
"1221612","535640","583670","2006-11-12","0.147321117397","0.351138214923","0.0514315080389","0.0765924526992","0.105851347181"
"1221613","535640","583670","2006-11-17","0.323149380616","0.333167568809","0.221885352701","0.602000378317","0.776549272629"
"1221614","535640","583670","2006-11-22","0.0077958715475","0.0102010105134","0.0035786841128","0.0621774310134","0.148969966055"
"1221615","535640","583670","2006-11-27","0.0024398079459","0.00244017918044","0.00233579853255","0.0353481202298","0.0870077604016"
"1221616","535640","583670","2006-12-02","0.00142609052944","0.0013266953452","0.00156376359664","0.00660542797314","0.0321660155342"
"1597343","535640","583670","2007-01-01","0.0339409828549","0.0879865624382","0.33618371219","0.336686257256","0.556837893561"
"1597344","535640","583670","2007-01-06","0.0133030746766","0.0695913357936","0.512739828873","0.63477415357","0.742012245642"
"1597345","535640","583670","2007-01-11","0.0194988738336","0.0478331358046","0.0754039881029","0.126782660962","0.155290063755"
"1597346","535640","583670","2007-01-16","0.000769900645051","0.0052124841625","0.0236263061479","0.099201638813","0.0432823665027"
"1597347","535640","583670","2007-01-21","0.000658974795972","0.00479309213091","0.0191212139717","0.049733416547","0.0354296417776"
"1597348","535640","583670","2007-01-26","0.00587780335144","0.0554648895605","0.159803734764","0.298248808745","0.231315432383"
"1597349","535640","583670","2007-01-31","0.0169672899903","0.132286304472","0.264900673542","0.64816464443","0.540696119335"
"1597350","535640","583670","2007-02-05","0.00122041191685","0.0226264952001","0.0636358053629","0.287886460929","0.309353869676"
"1597351","535640","583670","2007-02-10","0.000696536973862","0.00524405554157","0.0317358313839","0.269096008402","0.259673061091"
"1597352","535640","583670","2007-02-15","0.00127234744313","0.0144064117645","0.0415790408435","0.166508609622","0.229096621824"
"1597353","535640","583670","2007-02-20","0.00118207140541","0.00482612028739","0.00766034707517","0.0689621701405","0.123009008643"
"1597354","535640","583670","2007-02-25","0.00132172911654","0.0149899088466","0.0356550303746","0.170049944673","0.163523738464"
"1597355","535640","583670","2007-03-02","0.00688017778409","0.00214395778289","0.00789098515185","0.0662660108614","0.165003547913"
"1597356","535640","583670","2007-03-07","0.00548409765705","0.034101535495","0.0421845114003","0.105946158432","0.302880223228"
"1597357","535640","583670","2007-03-12","0.0589418595986","0.198307856787","0.0930893119019","0.0691926130198","0.495745388416"
"1597358","535640","583670","2007-03-17","0.0466439068198","0.128619811705","0.168352162289","0.0369838096262","0.232761638174"
"1597359","535640","583670","2007-03-22","0.259613194987","0.0454184812991","0.118629377185","0.0311324079228","0.204411616397"
"1597360","535640","583670","2007-03-27","0.367677415968","0.060168053061","0.119909954843","0.031031220354","0.0418212758367"
"1597361","535640","583670","2007-04-01","0.406843798983","0.0882814966053","0.0426621572729","0.0521250513573","0.102563615982"
"1597362","535640","583670","2007-04-06","0.710885590787","0.0301282674763","0.0264977466185","0.353618194238","0.490558223856"
"1597363","535640","583670","2007-04-11","0.576867601649","0.0955462148637","0.104033734623","0.54533074608","0.545460146893"
"1597364","535640","583670","2007-04-16","0.775313914304","0.28389467697","0.190113382103","0.261464637069","0.261443230593"
"1597365","535640","583670","2007-04-21","0.196139740683","0.0508552383657","0.0684448755157","0.139738601823","0.472002534321"
"1597366","535640","583670","2007-04-26","0.290899254344","0.423711580264","0.629148703928","0.62206625887","0.756638829307"
"1597367","535640","583670","2007-05-01","0.0532036581659","0.115603533005","0.307213111836","0.549403225878","0.570449440971"
"1597368","535640","583670","2007-05-06","0.0289024726315","0.441308430753","0.184733265701","0.0567405769445","0.0118785840703"
"1597369","535640","583670","2007-05-11","0.00373894203694","0.150085936648","0.0446188532257","0.00562905546025","0.0114788653524"
"1597370","535640","583670","2007-05-16","0.00888509143577","0.269387683623","0.0273271102805","0.0359293906685","0.158590712113"
"1597371","535640","583670","2007-05-21","0.0087770489687","0.101562569822","0.0881290025894","0.125437005979","0.194248571911"
"1597372","535640","583670","2007-05-26","0.033884031296","0.79349334092","0.946669055861","0.706820719463","0.88775602258"
"1597373","535640","583670","2007-05-31","0.714365573782","0.958649428666","0.985969176385","0.854026031006","0.792975202232"
"1597374","535640","583670","2007-06-05","0.744647015652","0.377751345399","0.73510535878","0.868270070964","0.91826982398"
"1597375","535640","583670","2007-06-10","0.684615968026","0.179065360025","0.730868883968","0.831785879669","0.860908655066"
"1597376","535640","583670","2007-06-15","0.808406380907","0.342222899823","0.885865935005","0.907649067348","0.897006779669"
"1597377","535640","583670","2007-06-20","0.648791140674","0.567941298348","0.697387587031","0.851679776518","0.781937804735"
"1597378","535640","583670","2007-06-25","0.874259382043","0.860936890858","0.90114859025","0.799018275223","0.154357556077"
"1597379","535640","583670","2007-06-30","0.753697960888","0.875935396091","0.784375538425","0.523999928671","0.137891582108"
"1597380","535640","583670","2007-07-05","0.85495518389","0.971310510594","0.679762255924","0.347277278348","0.413677412949"
"1597381","535640","583670","2007-07-10","0.152290144824","0.810156669793","0.896388523455","0.544209968332","0.52450019579"
"1597382","535640","583670","2007-07-15","0.210369596338","0.482769964813","0.0137568397634","0.0322357246052","0.0474718536919"
"1597383","535640","583670","2007-07-20","0.0389259622848","0.92165684755","0.31838968746","0.216625420189","0.209514050462"
"1597384","535640","583670","2007-07-25","0.526824830212","0.213880176628","0.277661919705","0.227040970562","0.111005906945"
"1597385","535640","583670","2007-08-29","0.189315974479","0.680725365837","0.629059874862","0.825095053917","0.380361877415"
"1597386","535640","583670","2007-09-03","0.64843000762","0.488237928417","0.348880402961","0.327704935375","0.0535389962059"
"1597387","535640","583670","2007-09-08","0.510774773301","0.305157731877","0.047030535906","0.118827772323","0.0977562253266"
"1597388","535640","583670","2007-09-13","0.137963598053","0.37804433546","0.117436092384","0.202986715734","0.0553293924998"
"1597389","535640","583670","2007-09-18","0.450624648477","0.28966524547","0.208929485472","0.0248732736012","0.0576132558036"
"1597390","535640","583670","2007-09-23","0.150470800977","0.114994433491","0.0530368783142","0.0355404826739","0.00990388200407"
"1597391","535640","583670","2007-09-28","0.00100363161504","0.00073909826241","0.00227392660024","0.00446171802814","0.00675484410054"
"1597392","535640","583670","2007-10-03","0.000215024961267","0.000311438856916","0.00134786805374","0.00190606567486","0.0239678433645"
"1597393","535640","583670","2007-10-08","0.00126655576513","0.00553964712441","0.0021222230965","0.0045335091328","0.0314335806585"
"1597394","535640","583670","2007-10-13","0.000140098790866","0.0010708943312","0.00113361150977","0.00777454423151","0.00756931689864"
"1597395","535640","583670","2007-10-18","0.000232627759074","0.0128432999655","0.0048551614051","0.0317776374379","0.00819492287039"
"1597396","535640","583670","2007-10-23","0.00123217042661","0.0395348000655","0.0211783836165","0.060854033022","0.000249029076643"
"1597397","535640","583670","2007-10-28","0.000330058961829","0.00657718562238","0.00184045206214","0.00914635388227","0.000223253043797"
"1597398","535640","583670","2007-11-02","0.00121504888287","0.00191840870417","4.75865217142e-05","0.000514462692173","0.00178484274771"
"1597399","535640","583670","2007-11-07","0.00787499533954","0.0568568817188","0.0424463484425","0.0154964735646","0.0527176525574"
"1597400","535640","583670","2007-11-12","0.027972475137","0.203783107647","0.197584670368","0.0232072215533","0.075393854651"
"1597401","535640","583670","2007-11-17","0.03488361545","0.12917916968","0.273669511282","0.0593655348565","0.209526424831"
"1597402","535640","583670","2007-11-22","0.0726560566531","0.230113061244","0.776217180072","0.136858677974","0.11886278375"
"1597403","535640","583670","2007-11-27","0.767199896959","0.684665935242","0.636305072787","0.324436708771","0.501497338937"
"1597404","535640","583670","2007-12-02","0.39573379487","0.0546549620503","0.0341950215331","0.130083390233","0.167058854387"
"1956335","535640","583670","2008-01-01","0.383864855572","0.820534725403","0.749463836747","0.94380074801","0.88727681744"
"1956336","535640","583670","2008-01-06","0.380894774086","0.683457276662","0.629088435647","0.661468689266","0.825015578018"
"1956337","535640","583670","2008-01-11","0.927031589588","0.603981500368","0.449067335349","0.310725009531","0.147226630186"
"1956338","535640","583670","2008-01-16","0.0882319178839","0.461104549398","0.0791872179335","0.0968337767302","0.451821668763"
"1956339","535640","583670","2008-01-21","0.0727939999726","0.377399067112","0.785049222845","0.620601666452","0.105506929466"
"1956340","535640","583670","2008-01-26","0.0222422325058","0.486925064572","0.357858162303","0.320253586405","0.00134945191959"
"1956341","535640","583670","2008-01-31","0.049999999242","0.311564352203","0.272378482313","0.367883381087","0.456144711983"
"1956342","535640","583670","2008-02-05","0.102498140626","0.220289457436","0.256528438993","0.304088857866","0.354957371476"
"1956343","535640","583670","2008-02-10","0.121510216786","0.172817315324","0.106877446501","0.118721130132","0.322987446048"
"1956344","535640","583670","2008-02-15","0.0472145609458","0.0220993145611","0.0049908440413","0.0347815715927","0.163631586093"
"1956345","535640","583670","2008-02-20","0.0016132772167","0.0257653978055","0.0250777851275","0.266815813634","0.453442713244"
"1956346","535640","583670","2008-02-25","0.014724154078","0.0962677568811","0.0374511333242","0.383254774116","0.736531597605"
"1956347","535640","583670","2008-03-01","0.00888136950963","0.0807472610582","0.0641072317506","0.180066235236","0.361983950578"
"1956348","535640","583670","2008-03-06","0.0742797621235","0.249426587781","0.29160887889","0.659237779053","0.499214682098"
"1956349","535640","583670","2008-03-11","0.276995869495","0.354373680817","0.417018262831","0.853977129617","0.950437839676"
"1956350","535640","583670","2008-03-16","0.411517548215","0.292309150013","0.509905931347","0.418803233244","0.537544288655"
"1956351","535640","583670","2008-03-21","0.659169941177","0.187164232654","0.269464284726","0.161786307186","0.279084650004"
"1956352","535640","583670","2008-03-26","0.88988673427","0.447027447544","0.234088596895","0.029514125921","0.159241084994"
"1956353","535640","583670","2008-03-31","0.202167311014","0.183182890641","0.0632208676077","0.00515334915797","0.0367606724991"
"1956354","535640","583670","2008-04-05","0.0358574285132","0.0228740354414","0.0175152618508","0.00303099832526","0.0087733490184"
"1956355","535640","583670","2008-04-10","0.00409851396878","0.000100595350232","0.00444592772279","0.00373363324932","0.0240505961862"
"1956356","535640","583670","2008-04-15","0.00945423914946","4.87777654855e-05","0.0034094482572","0.00333079919715","0.0214010296781"
"1956357","535640","583670","2008-04-20","0.0145179484352","0.000430140154473","0.0177098955249","0.0662896978266","0.127830698317"
"1956358","535640","583670","2008-04-25","0.052373709733","0.000251553055153","0.00541283371109","0.00674612305416","0.0515260707087"
"1956359","535640","583670","2008-04-30","0.0515411294347","0.000675743742074","0.0612676227292","0.0651879305871","0.0647167818682"
"1956360","535640","583670","2008-05-05","0.0873801153517","0.256085357761","0.441373414761","0.27685187699","0.373035046357"
"1956361","535640","583670","2008-05-10","0.298172983354","0.426772567979","0.292944464161","0.334903115371","0.701602544897"
"1956362","535640","583670","2008-05-15","0.229204434696","0.49350017549","0.584714171462","0.950137087618","0.978317716404"
"1956363","535640","583670","2008-05-20","0.81438564535","0.939473898435","0.891230049813","0.873090448006","0.984242699568"
"1956364","535640","583670","2008-05-25","0.94093496224","0.994636836431","0.279072427243","0.306170887467","0.300721005797"
"1956365","535640","583670","2008-05-30","0.18163924543","0.0766877927928","0.116237681449","0.118095447332","0.254324472828"
"1956366","535640","583670","2008-06-04","0.357780730243","0.559329438384","0.810115737761","0.597570684715","0.696437648871"
"1956367","535640","583670","2008-06-09","0.24575223803","0.276049043222","0.249167649643","0.546084828363","0.725040616005"
"1956368","535640","583670","2008-06-14","0.720442529656","0.501162392154","0.447628610147","0.834415814738","0.94548996932"
"1956369","535640","583670","2008-06-19","0.59103341501","0.551057685121","0.750863616706","0.912401423519","0.665693635379"
"1956370","535640","583670","2008-06-24","0.901574542444","0.951491317301","0.581174033486","0.623170341353","0.493086913168"
"1956371","535640","583670","2008-06-29","0.824255369077","0.371473262283","0.12853873831","0.270293312003","0.100863207373"
"1956372","535640","583670","2008-07-04","0.485961745577","0.411204813883","0.152619809529","0.306409550493","0.268329151753"
"1956373","535640","583670","2008-07-09","0.822347728126","0.452193789227","0.120691825912","0.179526124628","0.216997583381"
"1956374","535640","583670","2008-07-14","0.74419032222","0.423358012531","0.0852494740139","0.324905833081","0.332922700572"
"1956375","535640","583670","2008-07-19","0.504191406015","0.796402896128","0.202675973353","0.107105833275","0.040137950429"
"1956376","535640","583670","2008-07-24","0.676107637359","0.973196513714","0.408718216024","0.471904626747","0.0225732584842"
"1956377","535640","583670","2008-07-29","0.862831708112","0.915518717213","0.556517551995","0.604408855952","0.7100280916"
"1956378","535640","583670","2008-08-03","0.288294479127","0.430019481896","0.496001868602","0.625601309122","0.740561391873"
"1956379","535640","583670","2008-08-08","0.77070249511","0.310592332103","0.384081444644","0.412909380097","0.484641566395"
"1956380","535640","583670","2008-08-13","0.248270465754","0.0615245529194","0.112664833764","0.246825845788","0.43450825439"
"1956381","535640","583670","2008-08-18","0.210707580227","0.119325162878","0.113636044903","0.162817570959","0.427513455888"
"1956382","535640","583670","2008-08-23","0.212558258186","0.01434811724","0.0467516644663","0.0980187900689","0.0630591539518"
"1956383","535640","583670","2008-08-28","0.749914174056","0.405234314832","0.78713529484","0.926097958636","0.103921696264"
"1956384","535640","583670","2008-09-02","0.397833448606","0.890607954598","0.761040381236","0.941513124734","0.0418256914773"
"1956385","535640","583670","2008-09-07","0.977830277521","0.920283627735","0.776007213958","0.913023734313","0.0572437649655"
"1956386","535640","583670","2008-09-12","0.687540152305","0.908924665819","0.632459310613","0.795016537956","0.761178109465"
"1956387","535640","583670","2008-09-17","0.651497307314","0.982872341187","0.601538668229","0.755018523652","0.775271700003"
"1956388","535640","583670","2008-09-22","0.544596619733","0.718497965879","0.169904130292","0.636672984512","0.569890893748"
"1956389","535640","583670","2008-09-27","0.0540283139102","0.152713489261","0.273621083998","0.315298373535","0.548811708235"
"1956390","535640","583670","2008-10-02","0.0236621781732","0.152900402932","0.28778268712","0.268955065147","0.52083113612"
"1956391","535640","583670","2008-10-07","0.0926802750811","0.212308754047","0.459822642983","0.286137328235","0.313568809398"
"1956392","535640","583670","2008-10-12","0.139625516295","0.494896731094","0.572382532561","0.202975773508","0.31562891403"
"1956393","535640","583670","2008-10-17","0.358992271354","0.686365665737","0.714007481234","0.264561732571","0.628864880674"
"1956394","535640","583670","2008-10-22","0.751200930201","0.773334200374","0.545284265883","0.046621925336","0.0890022985047"
"1956395","535640","583670","2008-10-27","0.752446051153","0.574584532935","0.176187780783","0.159759446003","0.441752455003"
"1956396","535640","583670","2008-11-01","0.93066536172","0.879241342812","0.194379695088","0.112820197725","0.444332104959"
"1956397","535640","583670","2008-11-06","0.536380056657","0.624269510942","0.0172059466981","0.0139298708787","0.0441514678317"
"1956398","535640","583670","2008-11-11","0.133757513901","0.624416398486","0.0412264053566","0.1469756401","0.000452023491662"
"1956399","535640","583670","2008-11-16","0.00896305264998","0.0510980988135","0.0252420980093","0.0901307147328","0.00414597348423"
"1956400","535640","583670","2008-11-21","0.00100016557593","0.00126412538271","0.000376687839539","0.000554875795157","0.000670496027613"
"1956401","535640","583670","2008-11-26","0.000233554269838","0.000396123682919","9.94390179759e-05","0.000105595357593","0.000131038333235"
"1956402","535640","583670","2008-12-01","4.28106022932e-05","0.000299897248122","0.00190956319459","0.000478663226774","0.000302300897982"
"2329854","535640","583670","2009-01-01","0.000510340262108","0.00102023588904","0.00235962413175","0.00298153141963","0.0062246439465"
"2329855","535640","583670","2009-01-06","0.000598723051191","0.00134454131719","0.00056212056637","0.00536499239021","0.0266664762845"
"2329856","535640","583670","2009-01-11","0.00124883600693","0.00132484547851","0.00034860574565","0.00203787040782","0.0099489650266"
"2329857","535640","583670","2009-01-16","0.00149218387411","0.00156348537619","0.00203267494125","0.00478685672067","0.003122892539"
"2329858","535640","583670","2009-01-21","0.00397125924348","0.0701036460691","0.02629027656","0.0566236791987","0.417698614389"
"2329859","535640","583670","2009-01-26","0.0934946325271","0.483729464704","0.475401910212","0.55566230001","0.507877270565"
"2329860","535640","583670","2009-01-31","0.11473709768","0.258377551753","0.274171179622","0.425088409899","0.619330487279"
"2329861","535640","583670","2009-02-05","0.197439582828","0.351516459462","0.465879941178","0.660220397651","0.698777545484"
"2329862","535640","583670","2009-02-10","0.192527506946","0.552600772388","0.256190100654","0.629926620512","0.596299389292"
"2329863","535640","583670","2009-02-15","0.00712808726967","0.358719032527","0.197419852252","0.411146938604","0.236363370958"
"2329864","535640","583670","2009-02-20","0.0218173772136","0.200175511852","0.152244400147","0.117738766182","0.305387463003"
"2329865","535640","583670","2009-02-25","0.00050693244135","0.0290783001033","0.0347573231526","0.0276377631471","0.101765015681"
"2329866","535640","583670","2009-03-02","0.000311889934374","0.0108233827353","0.000842559182928","0.00244452780521","0.0245867825304"
"2329867","535640","583670","2009-03-07","0.000130006108046","0.00720802690989","0.000714878129483","0.0033908487018","0.0173669940143"
"2329868","535640","583670","2009-03-12","0.000163005417361","0.027531171409","0.000121085804537","0.00233139089556","0.0147653234336"
"2329869","535640","583670","2009-03-17","0.00564123151896","0.0810861858486","0.0117909185584","0.0918400881411","0.305213841117"
"2329870","535640","583670","2009-03-22","0.00724945568251","0.137228901937","0.18904846679","0.469917855443","0.652476266923"
"2329871","535640","583670","2009-03-27","0.0245748254516","0.277296513049","0.243832896176","0.364658905554","0.34194818602"
"2329872","535640","583670","2009-04-01","0.0232261016344","0.229358790946","0.224698764182","0.406528899112","0.494977668414"
"2329873","535640","583670","2009-04-06","0.0292683235501","0.182762286245","0.117569921446","0.034629070414","0.12481677914"
"2329874","535640","583670","2009-04-11","0.00462715203973","0.00875117823823","0.00935359106375","0.0912435494575","0.751620195529"
"2329875","535640","583670","2009-04-16","0.0530127160866","0.19934235654","0.545809456944","0.415591596674","0.458312406131"
"2329876","535640","583670","2009-04-21","0.0795503444942","0.373374746418","0.203299546971","0.229367446831","0.368951017018"
"2329877","535640","583670","2009-04-26","0.494780513162","0.524718981884","0.505787941184","0.396302032336","0.320928207327"
"2329878","535640","583670","2009-05-01","0.469656972976","0.74348351312","0.435584983821","0.554266303336","0.580294621935"
"2329879","535640","583670","2009-05-06","0.338595858463","0.724592483989","0.147198650249","0.35775347062","0.0233713649219"
"2329880","535640","583670","2009-05-11","0.0698399988468","0.373734283738","0.0262595723837","0.0379453493629","0.00533790927786"
"2329881","535640","583670","2009-05-16","0.038298352411","0.347264639058","0.0419677917197","0.101534070156","0.017432176543"
"2329882","535640","583670","2009-05-21","0.455097341171","0.391746616191","0.166996197953","0.370319206884","0.0186694011011"
"2329883","535640","583670","2009-05-26","0.868109934185","0.789151710033","0.312654283121","0.403358529787","0.0859320009029"
"2329884","535640","583670","2009-05-31","0.891771261751","0.329873942136","0.707146579319","0.483349257231","0.893373900692"
"2329885","535640","583670","2009-06-05","0.98218863585","0.570782685632","0.884097043946","0.720907921943","0.336899706785"
"2329886","535640","583670","2009-06-10","0.713036847004","0.954923007204","0.986408351417","0.938655602251","0.871395536292"
"2329887","535640","583670","2009-06-15","0.402692864494","0.851116762966","0.722360080165","0.828890152069","0.835990829724"
"2329888","535640","583670","2009-06-20","0.123637159226","0.565152382784","0.558658953078","0.594999006672","0.391858725335"
"2329889","535640","583670","2009-06-25","0.0365279457295","0.134050597009","0.134134045917","0.398659138507","0.225867532277"
"2329890","535640","583670","2009-06-30","0.0566373005286","0.0345080957475","0.0657376932576","0.161764016063","0.121989580031"
"2329891","535640","583670","2009-07-05","0.161535390696","0.278492639084","0.6155028577","0.871222805473","0.625593496633"
"2329892","535640","583670","2009-07-10","0.714054188705","0.34997987779","0.859496043045","0.734154194924","0.797522595898"
"2329893","535640","583670","2009-07-15","0.441681931045","0.13444962558","0.58441313294","0.650784071932","0.425377183383"
"2329894","535640","583670","2009-07-20","0.820020773872","0.245799182921","0.462177565743","0.767862453409","0.934453177096"
"2329895","535640","583670","2009-07-25","0.338851304204","0.118990559645","0.279256968697","0.616639498275","0.082988710894"
"2329896","535640","583670","2009-07-30","0.226875897465","0.678637147043","0.887980639588","0.897413438164","0.849377026005"
"2329897","535640","583670","2009-08-04","0.908703338292","0.99613143005","0.935357607506","0.964680244435","0.671008690166"
"2329898","535640","583670","2009-08-09","0.785802109272","0.65601961686","0.733122518431","0.841908554225","0.94439341741"
"2329899","535640","583670","2009-08-14","0.60427761638","0.727247786174","0.687281183152","0.753662979859","0.854047551391"
"2329900","535640","583670","2009-08-19","0.971252649229","0.799232460702","0.982763342055","0.713488908982","0.782025351466"
"2329901","535640","583670","2009-08-24","0.482787408672","0.0944592889378","0.166403121767","0.194541146366","0.466404178588"
"2329902","535640","583670","2009-08-29","0.347296877313","0.00374872625177","0.0246308326218","0.0159562071233","0.124233134117"
"2329903","535640","583670","2009-09-03","0.339346144264","0.052726668505","0.263644642784","0.0459225116833","0.163555693911"
"2329904","535640","583670","2009-09-08","0.410222447794","0.206119576517","0.46164305998","0.32465832246","0.724605095683"
"2329905","535640","583670","2009-09-13","0.201795414732","0.36014046443","0.412970198024","0.378713603618","0.660888756462"
"2329906","535640","583670","2009-09-18","0.349359336524","0.253324757112","0.734692819315","0.990597001","0.967173255717"
"2329907","535640","583670","2009-09-23","0.0735163751529","0.0252359084302","0.143043434198","0.38837831389","0.192940478496"
"2329908","535640","583670","2009-09-28","0.0647798979026","0.0500847381092","0.230829292022","0.334055995442","0.262258176416"
"2329909","535640","583670","2009-10-03","0.0143693015368","0.0275598716645","0.0868302502484","0.0160822504817","0.0197214307687"
"2329910","535640","583670","2009-10-08","7.48101858458e-05","0.000318453852741","0.00391830843521","0.00315187951468","0.0015918102376"
"2329911","535640","583670","2009-10-13","0.000444968558028","0.00392613190052","0.0260294627713","0.0602368363066","0.184620152802"
"2329912","535640","583670","2009-10-18","0.0066936761829","0.0301145156015","0.0222568429074","0.0714302306197","0.0251366409185"
"2329913","535640","583670","2009-10-23","0.0115541723494","0.0317455495134","0.0149355930262","0.051912333994","0.182596223629"
"2329914","535640","583670","2009-10-28","0.0103127843615","0.0171502461898","0.0406379517949","0.0941627008263","0.368662098351"
"2329915","535640","583670","2009-11-02","0.782349309403","0.890603594865","0.347335678556","0.496356658766","0.720400707591"
"2329916","535640","583670","2009-11-07","0.117710087052","0.244561818525","0.307873808478","0.224116532246","0.54132875716"
"2329917","535640","583670","2009-11-12","0.0828467666516","0.140757733701","0.386833341166","0.37853871459","0.0553298780514"
"2329918","535640","583670","2009-11-17","0.241098141151","0.411372935536","0.291599044277","0.397004452541","0.408375060728"
"2329919","535640","583670","2009-11-22","0.0675966206964","0.228886309213","0.284568411155","0.391976655584","0.481514290228"
"2329920","535640","583670","2009-11-27","0.060624581677","0.121534119665","0.0681538410498","0.0996095317228","0.195297668792"
"2329921","535640","583670","2009-12-02","0.0372910428984","0.0734746002887","0.212217815624","0.453409413042","0.619706511885"
"2695955","535640","583670","2010-01-01","0.00892218615464","0.0983310026603","0.0536094417424","0.190041894405","0.0321831394688"
"2695956","535640","583670","2010-01-06","0.0259617735746","0.100966454902","0.0550792858923","0.14855995147","0.0760543072736"
"2695957","535640","583670","2010-01-11","0.025078284197","0.183146151964","0.0750408776527","0.203151496426","0.159151009161"
"2695958","535640","583670","2010-01-16","0.139958818517","0.21917723397","0.00835968696754","0.0269266023786","0.000556791757005"
"2695959","535640","583670","2010-01-21","0.412858366911","0.550323916494","0.0312830988227","0.0405637996207","0.00306053407197"
"2695960","535640","583670","2010-01-26","0.350744329754","0.414297083155","0.039913147008","0.0895906340737","0.0311626202546"
"2695961","535640","583670","2010-01-31","0.0183279057169","0.0380217230225","0.0311293623397","0.0581088491168","0.0432558014813"
"2695962","535640","583670","2010-02-05","0.149222366826","0.0202224050651","0.0409374305926","0.00863179354258","0.0482023576626"
"2695963","535640","583670","2010-02-10","0.0062132031185","0.000696196932063","0.0143063657192","0.0328508159633","0.113795635501"
"2695964","535640","583670","2010-02-15","0.00286401604287","0.000838033153676","0.00259755887885","0.0104693936333","0.0298057144999"
"2695965","535640","583670","2010-02-20","0.000919706490491","0.000999375037306","0.00183136570365","0.00421636239316","0.00491461815591"
"2695966","535640","583670","2010-02-25","0.000285534967324","0.00105534656454","0.00284955433486","0.0163053753321","0.0410445091726"
"2695967","535640","583670","2010-03-02","0.000201317808335","0.000732883854711","0.000778046038646","0.00900531484839","0.0259835127238"
"2695968","535640","583670","2010-03-07","0.000428169715607","0.00230948041017","0.00209072140674","0.0457906987644","0.153106512089"
"2695969","535640","583670","2010-03-12","0.0101951562173","0.275560107573","0.035876829839","0.212716333215","0.371210980984"
"2695970","535640","583670","2010-03-17","0.100938530274","0.12642875495","0.111750908934","0.430566459846","0.269954347162"
"2695971","535640","583670","2010-03-22","0.855080033376","0.189046169013","0.0548747896048","0.247539894221","0.363169216419"
"2695972","535640","583670","2010-03-27","0.411841865808","0.266289577893","0.129114072233","0.53220796208","0.562113624928"
"2695973","535640","583670","2010-04-01","0.721121043036","0.677801959239","0.240476224105","0.1305047838","0.2223100463"
"2695974","535640","583670","2010-04-06","0.64665321265","0.893519675733","0.238721121846","0.176557758409","0.249787067334"
"2695975","535640","583670","2010-04-11","0.672756819616","0.769468895821","0.543486367624","0.287650063261","0.175270974454"
"2695976","535640","583670","2010-04-16","0.778396720361","0.315621093278","0.835412806945","0.64561026302","0.545423122486"
"2695977","535640","583670","2010-04-21","0.540256782561","0.454018658112","0.708828036439","0.410779947506","0.646238946847"
"2695978","535640","583670","2010-04-26","0.861403472796","0.990321241121","0.233162123697","0.376200304604","0.541773656243"
"2695979","535640","583670","2010-05-01","0.545375140068","0.885567536103","0.403724768716","0.43956110554","0.477555808112"
"2695980","535640","583670","2010-05-06","0.312168174472","0.65283777128","0.437657605707","0.817553513761","0.879620595521"
"2695981","535640","583670","2010-05-11","0.766152226098","0.465493645572","0.259859073537","0.833656678949","0.622695302945"
"2695982","535640","583670","2010-05-16","0.542385968193","0.164475601266","0.146093741342","0.736036524956","0.853285070196"
"2695983","535640","583670","2010-05-21","0.547989237937","0.146785183813","0.28830832287","0.754985821775","0.843009548592"
"2695984","535640","583670","2010-05-26","0.627422273836","0.947898757947","0.511096554979","0.592502846704","0.834237573045"
"2695985","535640","583670","2010-05-31","0.674481290351","0.933117889819","0.491420810254","0.624876414199","0.812010337563"
"2695986","535640","583670","2010-06-05","0.645369597624","0.501635858995","0.404462090052","0.306278711696","0.290020271126"
"2695987","535640","583670","2010-06-10","0.508804019568","0.264274893131","0.254533225666","0.469873804421","0.624997971875"
"2695988","535640","583670","2010-06-15","0.21343251209","0.298297940049","0.0723544771268","0.395529930379","0.423323499581"
"2695989","535640","583670","2010-06-20","0.424278299437","0.822846894374","0.130408414629","0.282107323786","0.461511067626"
"2695990","535640","583670","2010-06-25","0.62940563542","0.968039296881","0.0893402374929","0.135353435078","0.178907475095"
"2695991","535640","583670","2010-06-30","0.960858611169","0.333447864482","0.0326313016891","0.11033698831","0.214235581532"
"2695992","535640","583670","2010-07-05","0.555639635386","0.621735564362","0.329418891569","0.640456553775","0.96280189005"
"2695993","535640","583670","2010-07-10","0.570134208122","0.433399230139","0.317332365084","0.415577084036","0.610253618163"
"2695994","535640","583670","2010-07-15","0.83214207042","0.691281004396","0.947659841884","0.632886716285","0.485689897921"
"2695995","535640","583670","2010-07-20","0.923565984348","0.943734688722","0.839000557013","0.293087300816","0.272044230047"
"2695996","535640","583670","2010-07-25","0.707261592727","0.741311058064","0.512404927247","0.21940012147","0.434655522287"
"2695997","535640","583670","2010-07-30","0.900773203848","0.899175566254","0.656094424214","0.559758569872","0.741057904202"
"2695998","535640","583670","2010-08-04","0.74748949075","0.906979937277","0.766582643352","0.909329333583","0.899217819943"
"2695999","535640","583670","2010-08-09","0.896506258682","0.692603099697","0.612036985165","0.742906734076","0.425376225281"
"2696000","535640","583670","2010-08-14","0.605836522858","0.82850899103","0.915326854785","0.929992109783","0.89951625315"
"2696001","535640","583670","2010-08-19","0.801515954156","0.981780355117","0.90606742287","0.92983506135","0.974653623884"
"2696002","535640","583670","2010-08-24","0.211707226083","0.0955903386969","0.263392540183","0.482724302562","0.297779322802"
"2696003","535640","583670","2010-08-29","0.0434081707314","0.0477393590174","0.233143707322","0.47787400611","0.174700894028"
"2696004","535640","583670","2010-09-03","0.0753354714055","0.0694221193093","0.235881502751","0.33617557649","0.145077283273"
"2696005","535640","583670","2010-09-08","0.0259665123746","0.00629773731137","0.0254288499456","0.0921722906798","0.0670708192971"
"2696006","535640","583670","2010-09-13","0.0831231983981","0.0117252101196","0.0417404699043","0.0822035133555","0.0353967572306"
"2696007","535640","583670","2010-09-18","0.0694405931224","0.0642851628214","0.658691517144","0.354737779555","0.462059959412"
"2696008","535640","583670","2010-09-23","0.888396131092","0.980370415159","0.62980708081","0.214942984399","0.51310712751"
"2696009","535640","583670","2010-09-28","0.168010115242","0.163610702956","0.278236411578","0.121155152305","0.306703891596"
"2696010","535640","583670","2010-10-03","0.406822313814","0.222429025293","0.251537434189","0.110731645661","0.233484062968"
"2696011","535640","583670","2010-10-08","0.359226628995","0.250383685889","0.187052404112","0.0620073204071","0.0446346879514"
"2696012","535640","583670","2010-10-13","0.0210252151702","0.00484754203393","0.00532784056279","0.0103520139276","0.0473396823903"
"2696013","535640","583670","2010-10-18","0.00129671993515","0.00392013500634","0.00099104091266","0.00286828580611","0.0279496373557"
"2696014","535640","583670","2010-10-23","0.00165423232357","0.0203528124226","0.00283034801441","0.0233907284912","0.0800934336728"
"2696015","535640","583670","2010-10-28","9.82897857124e-06","0.000584740367313","0.000513797839783","0.00374953486673","0.0108088579319"
"2696016","535640","583670","2010-11-02","3.83256911909e-06","0.000673911612296","0.000169238380242","0.000984888859684","0.00652844568268"
"2696017","535640","583670","2010-11-07","4.28492963015e-06","0.00393650063042","0.00556918584048","0.0150545788814","0.0471443844674"
"2696018","535640","583670","2010-11-12","4.51551056803e-06","0.000328295109309","0.00134195326436","0.0574852897885","0.172187290604"
"2696019","535640","583670","2010-11-17","1.97524181125e-05","0.00186182543977","0.00689738395737","0.091793453885","0.260238618391"
"2696020","535640","583670","2010-11-22","9.44719801795e-05","0.0041993205244","0.0149630908582","0.146483010941","0.19233173791"
"2696021","535640","583670","2010-11-27","0.000211411747564","0.00150528901132","0.00545534523817","0.0235485949603","0.0448794253836"
"2696022","535640","583670","2010-12-02","0.000500315174965","0.000194742960092","0.000184055470367","0.000456189656964","0.001722288042"
"3079830","535640","583670","2011-01-01","0.00642445045683","0.170497112771","0.0892571999571","0.312458316467","0.567412820721"
"3079831","535640","583670","2011-01-06","0.00358687503204","0.217596081834","0.0930969573128","0.0666418313284","0.143249361739"
"3079832","535640","583670","2011-01-11","0.00150897411946","0.0245455901843","0.126856735597","0.289762326489","0.602740675597"
"3079833","535640","583670","2011-01-16","0.268550210781","0.408906319355","0.317353501354","0.620981631311","0.580922222633"
"3079834","535640","583670","2011-01-21","0.157053823055","0.13527647308","0.447583469337","0.635435059167","0.404408110575"
"3079835","535640","583670","2011-01-26","0.31036736912","0.14561631082","0.316844325769","0.327186583425","0.100627464255"
"3079836","535640","583670","2011-01-31","0.0143480722218","0.00985392158942","0.0453736175098","0.131636226375","0.354587787903"
"3079837","535640","583670","2011-02-05","0.00318430139393","0.00226939846465","0.0162751846287","0.0357439410541","0.0643735093367"
"3079838","535640","583670","2011-02-10","0.00231755490304","0.000932817121716","0.00379691925262","0.0157326782423","0.0266017730154"
"3079839","535640","583670","2011-02-15","0.000128986624379","1.38096546977e-05","0.000201127546371","0.00133533574329","0.00122190507313"
"3079840","535640","583670","2011-02-20","0.0448735660364","0.0150675227613","0.0283554029016","0.184665187266","0.184769172032"
"3079841","535640","583670","2011-02-25","0.432454746936","0.0982677665194","0.205395551272","0.108110687628","0.105616358271"
"3079842","535640","583670","2011-03-02","0.586447679481","0.229360927216","0.282787321193","0.238233341118","0.266190638886"
"3079843","535640","583670","2011-03-07","0.0396706448109","0.00919577810347","0.0480253757435","0.0479590739278","0.0297216210861"
"3079844","535640","583670","2011-03-12","0.283579153616","0.0694549608099","0.278580197431","0.0641039758593","0.112044472217"
"3079845","535640","583670","2011-03-17","0.116038139373","0.0307871303663","0.262161107252","0.0169753939852","0.0613991667092"
"3079846","535640","583670","2011-03-22","0.015120435979","0.0098647979845","0.015246689478","0.00563837061983","0.0218873417327"
"3079847","535640","583670","2011-03-27","0.00766780211843","0.00444658596815","0.017101017116","0.0191581747584","0.11228224991"
"3079848","535640","583670","2011-04-01","0.00278487473887","0.00837945100703","0.0147650946998","0.0153403899332","0.0488325721421"
"3079849","535640","583670","2011-04-06","0.000842786208408","0.0108604294386","0.00371900483369","0.0123703763649","0.010435468132"
"3079850","535640","583670","2011-04-11","0.00803061551436","0.0346806786743","0.0322316028488","0.0527391805765","0.0992827425394"
"3079851","535640","583670","2011-04-16","0.298952601993","0.367161667281","0.340202125003","0.681635011105","0.68286040443"
"3079852","535640","583670","2011-04-21","0.441960397065","0.411826719747","0.591622199403","0.810595325492","0.897648271327"
"3079853","535640","583670","2011-04-26","0.562467468525","0.387982147348","0.0993981115585","0.134618823557","0.250239064832"
"3079854","535640","583670","2011-05-01","0.313448117696","0.615792928043","0.0500421916112","0.00440807954608","0.0151576805713"
"3079855","535640","583670","2011-05-06","0.47368192219","0.632714849936","0.0758277423787","0.208733736803","0.36464002551"
"3079856","535640","583670","2011-05-11","0.343959386462","0.562838719361","0.444709503402","0.628986066501","0.673908304416"
"3079857","535640","583670","2011-05-16","0.339580287618","0.433495544703","0.596926272083","0.988202564985","0.993074380113"
"3079858","535640","583670","2011-05-21","0.415839360976","0.385218472458","0.911519495756","0.998604888774","0.692887424371"
"3079859","535640","583670","2011-05-26","0.536494945515","0.639104289058","0.95394386362","0.975704287389","0.143849678402"
"3079860","535640","583670","2011-05-31","0.34014530745","0.342675475077","0.717277522255","0.522017077388","0.548016491282"
"3079861","535640","583670","2011-06-05","0.869506821725","0.949171411832","0.706058716819","0.070642537165","0.10145252414"
"3079862","535640","583670","2011-06-10","0.668978434865","0.818861524416","0.987575667889","0.456161411209","0.488728935247"
"3079863","535640","583670","2011-06-15","0.980510748206","0.867445388384","0.926598081791","0.453113074891","0.632941745919"
"3079864","535640","583670","2011-06-20","0.913515753161","0.770624041035","0.896885260462","0.328893272243","0.525971035799"
"3079865","535640","583670","2011-06-25","0.173663925559","0.058463072904","0.0787460248176","0.308605478287","0.491685349881"
"3079866","535640","583670","2011-06-30","0.0498125807949","0.0129218319341","0.360212852965","0.190498637424","0.267211828299"
"3079867","535640","583670","2011-07-05","0.0527908923512","0.00101371250953","0.0316208847459","0.073103626676","0.0898808285212"
"3079868","535640","583670","2011-07-10","0.0137641552565","0.0181069597497","0.228748364824","0.449735026518","0.28800035192"
"3079869","535640","583670","2011-07-15","0.0185889670406","0.0190829011645","0.121955610107","0.185413656051","0.033594494286"
"3079870","535640","583670","2011-07-20","0.0102894060588","0.00795189938354","0.0499451922682","0.195862816527","0.0885629723905"
"3079871","535640","583670","2011-07-25","0.110810427865","0.0660306107091","0.224360890744","0.259265973521","0.318230700507"
"3079872","535640","583670","2011-07-30","0.442403509763","0.239506093293","0.507418109968","0.669673646665","0.795207730863"
"3079873","535640","583670","2011-08-04","0.31618899392","0.156257435684","0.22088114305","0.558649409474","0.573049706391"
"3079874","535640","583670","2011-08-09","0.456070765458","0.115767876701","0.237755205167","0.390932915411","0.41197019094"
"3079875","535640","583670","2011-08-14","0.685193400756","0.209445558152","0.885296018018","0.747105034406","0.67747976943"
"3079876","535640","583670","2011-08-19","0.301259081954","0.211359628194","0.289948201455","0.46425491892","0.443306143411"
"3079877","535640","583670","2011-08-24","0.866766101802","0.183785133124","0.271995585058","0.0694887310669","0.176984609742"
"3079878","535640","583670","2011-08-29","0.819471906376","0.094066403723","0.197597986135","0.165130236454","0.296334738269"
"3079879","535640","583670","2011-09-03","0.619345239154","0.0780473073713","0.129513853896","0.0727858107985","0.200906686971"
"3079880","535640","583670","2011-09-08","0.0439047007512","0.120198201996","0.0161225888702","0.000246221463353","0.00192128491502"
"3079881","535640","583670","2011-09-13","0.405419057416","0.361883861301","0.231772054738","0.00640772478326","0.000833565750778"
"3079882","535640","583670","2011-09-18","0.166394551793","0.418924259938","0.0879145104176","0.0174455103722","0.0057796686938"
"3079883","535640","583670","2011-09-23","0.0524244755623","0.635620736963","0.187131589517","0.165771799943","0.653531597529"
"3079884","535640","583670","2011-09-28","0.0176999608678","0.774170156965","0.163350310331","0.236281415323","0.436226909454"
"3079885","535640","583670","2011-10-03","0.0310433277472","0.74673834806","0.273786135736","0.239723559861","0.35053166119"
"3079886","535640","583670","2011-10-08","0.00684218033932","0.28934612635","0.158489500798","0.262568337045","0.0219211544743"
"3079887","535640","583670","2011-10-13","0.00050344585763","0.315670601142","0.192612300715","0.303367802482","0.175994559814"
"3079888","535640","583670","2011-10-18","5.93968607884e-05","0.066331764338","0.00929192396312","0.0290459424143","0.187278214942"
"3079889","535640","583670","2011-10-23","0.00974272066754","0.110462671666","0.0373001376947","0.0376958641632","0.0500344073894"
"3079890","535640","583670","2011-10-28","1.7468466918e-05","0.000916846719596","0.00606854575828","0.0410552403417","0.2169866491"
"3079891","535640","583670","2011-11-02","0.000113068666448","0.00595330159313","0.0336315616302","0.103678516634","0.136146641524"
"3079892","535640","583670","2011-11-07","0.000436936141204","0.0244357251038","0.0909849410084","0.218312319984","0.239807444845"
"3079893","535640","583670","2011-11-12","0.000167099696875","0.00615834908855","0.0329982806867","0.103073142555","0.140041572522"
"3079894","535640","583670","2011-11-17","0.000145812997031","0.000710719266067","0.00330653748932","0.0072581981515","0.00750352982827"
"3079895","535640","583670","2011-11-22","0.000198544203371","0.00424037268367","0.0161130207576","0.174594326225","0.125353024196"
"3079896","535640","583670","2011-11-27","0.000236710469229","0.00204319010896","0.0112516299055","0.145363318465","0.280382811609"
"3079897","535640","583670","2011-12-02","0.000746944925865","0.000152113748344","0.00184303919935","0.0395810529388","0.0678057337285"
"3455711","535640","583670","2012-01-01","0.245717009441","0.169516836389","0.217121667832","0.331869967427","0.118651889175"
"3455712","535640","583670","2012-01-06","0.0283917246146","0.0288439780878","0.036954286335","0.162556851411","0.0551283244822"
"3455713","535640","583670","2012-01-11","0.00015815372247","0.000293741152876","0.00164064542963","0.0227650726521","0.011583591007"
"3455714","535640","583670","2012-01-16","0.000198053995824","0.000127337797933","0.00092675132356","0.0085077987667","0.023849218714"
"3455715","535640","583670","2012-01-21","0.000291507781601","0.000158428107691","0.00127121269421","0.0101308375169","0.0136532852402"
"3455716","535640","583670","2012-01-26","2.29394797319e-05","2.56601608834e-05","0.000116818999384","0.00255093582121","0.00361437548217"
"3455717","535640","583670","2012-01-31","0.000420914824507","0.000293218349563","0.00216057925181","0.00519546517689","0.000351202273703"
"3455718","535640","583670","2012-02-05","0.0146861124457","0.0124847526363","0.089629537602","0.141228891196","0.0125009756509"
"3455719","535640","583670","2012-02-10","0.459569105341","0.157395060788","0.126406071669","0.105641246737","0.0564613943563"
"3455720","535640","583670","2012-02-15","0.287413795509","0.071872383613","0.0847455091885","0.200952548699","0.153928330639"
"3455721","535640","583670","2012-02-20","0.36280034018","0.177976519984","0.246206305173","0.460012681857","0.161254008198"
"3455722","535640","583670","2012-02-25","0.965826298025","0.086880595782","0.295691217726","0.427262360731","0.377756702909"
"3455723","535640","583670","2012-03-01","0.423711781752","0.182340912779","0.436116514129","0.34746614233","0.150656736471"
"3455724","535640","583670","2012-03-06","0.000899447924792","0.00279163581315","0.0176903869675","0.0343385261191","0.0650851045766"
"3455725","535640","583670","2012-03-11","0.000987094951655","0.00341764609099","0.0131237936395","0.0431120799128","0.0694330906474"
"3455726","535640","583670","2012-03-16","0.00060173061863","0.00296071376317","0.0186097211732","0.0301265014922","0.0397166764816"
"3455727","535640","583670","2012-03-21","0.00141580687065","0.00419955524961","0.0199844319742","0.0283541994615","0.0369621925315"
"3455728","535640","583670","2012-03-26","0.00480960185797","0.0156747242208","0.0257203615273","0.027119939765","0.0251173395467"
"3455729","535640","583670","2012-03-31","0.0193688281865","0.0413491844349","0.0192556730939","0.00803380922119","0.0354733257651"
"3455730","535640","583670","2012-04-05","0.194321331644","0.47600531599","0.143890623979","0.532114734656","0.695250459953"
"3455731","535640","583670","2012-04-10","0.699025448849","0.736033722342","0.2855034389","0.608173517982","0.711581266487"
"3455732","535640","583670","2012-04-15","0.896091893455","0.845837845148","0.742065384248","0.94828127746","0.926366315211"
"3455733","535640","583670","2012-04-20","0.701359541217","0.867974402931","0.988548103496","0.97803466646","0.970304344937"
"3455734","535640","583670","2012-04-25","0.908412192338","0.926552394515","0.825387287378","0.966964533275","0.960891023233"
"3455735","535640","583670","2012-04-30","0.472636421558","0.795412531013","0.918695669477","0.976753903842","0.888451370228"
"3455736","535640","583670","2012-05-05","0.184185093429","0.641829045299","0.77685923604","0.635701768049","0.453790338342"
"3455737","535640","583670","2012-05-10","0.32799236339","0.55762842244","0.242593643541","0.60773673044","0.297428888288"
"3455738","535640","583670","2012-05-15","0.311811315183","0.599387372239","0.416414678354","0.698061378157","0.73719976518"
"3455739","535640","583670","2012-05-20","0.638806792537","0.613664057616","0.960331353607","0.957174141396","0.85084900691"
"3455740","535640","583670","2012-05-25","0.586726345283","0.841689859875","0.999514297326","0.147526481376","0.0301859170428"
"3455741","535640","583670","2012-05-30","0.0117255950407","0.176288249495","0.049436765048","0.141085006634","0.318965375763"
"3455742","535640","583670","2012-06-04","0.0160405275857","0.419010226136","0.372712690608","0.637029498503","0.477702043508"
"3455743","535640","583670","2012-06-09","0.0134878140377","0.152439167997","0.443304018172","0.725788780641","0.850985203235"
"3455744","535640","583670","2012-06-14","0.191699175865","0.0327782631508","0.096128555607","0.537162347732","0.473050770169"
"3455745","535640","583670","2012-06-19","0.178878390709","0.0150624402224","0.140228004607","0.318417271382","0.538201885857"
"3455746","535640","583670","2012-06-24","0.744071958539","0.0125265608097","0.0958288160543","0.359674053069","0.486582209971"
"3455747","535640","583670","2012-06-29","0.894985988731","0.0342200207398","0.12917955118","0.205901935663","0.247968063582"
"3455748","535640","583670","2012-07-04","0.956924210665","0.0538157142023","0.227426899169","0.443753804912","0.430502251748"
"3455749","535640","583670","2012-07-09","0.853524036476","0.189052489013","0.0562733325864","0.144453934491","0.155936979841"
"3455750","535640","583670","2012-07-14","0.650641277599","0.937059683838","0.594860378728","0.646588453309","0.213500186354"
"3455751","535640","583670","2012-07-19","0.712657345132","0.945685244127","0.979741861625","0.990407145947","0.970832129082"
"3455752","535640","583670","2012-07-24","0.823373800101","0.935528851148","0.566417421055","0.878873399466","0.937624492803"
"3455753","535640","583670","2012-07-29","0.790196012351","0.428741729343","0.0726628343213","0.312045381857","0.394353716631"
"3455754","535640","583670","2012-08-03","0.694739678509","0.224334057278","0.080430837615","0.169502152509","0.126763566267"
"3455755","535640","583670","2012-08-08","0.412320855265","0.476316188477","0.210025709192","0.261816929312","0.145498594192"
"3455756","535640","583670","2012-08-13","0.497015288825","0.796529898001","0.275267025043","0.388605083691","0.0775220119242"
"3455757","535640","583670","2012-08-18","0.0537495782088","0.0502047712172","0.0315615058495","0.00109816317744","0.000659758817382"
"3455758","535640","583670","2012-08-23","0.0313083954096","0.0775432555147","0.00287167523249","0.00265826525538","0.00592061547357"
"3455759","535640","583670","2012-08-28","0.012035888582","0.0141586250417","0.000466029806777","0.00111895552762","0.00476481040325"
"3455760","535640","583670","2012-09-02","0.0369648927965","0.098638274432","0.13804637588","0.146278154351","0.224049718817"
"3455761","535640","583670","2012-09-07","0.0778913875501","0.115217188244","0.102217752193","0.0923289015816","0.362927555402"
"3455762","535640","583670","2012-09-12","0.256953687293","0.344465737001","0.450062265816","0.496556677071","0.114480136448"
"3455763","535640","583670","2012-09-17","0.227021078987","0.289250041136","0.183583354482","0.263636447938","0.214545149542"
"3455764","535640","583670","2012-09-22","0.0459684070131","0.00130903039706","0.00516950956501","0.0024915724582","0.0136152270182"
"3455765","535640","583670","2012-09-27","0.000442486338972","6.89868455567e-05","0.000665828766104","0.00462298873762","0.0172709143374"
"3455766","535640","583670","2012-10-02","0.000662088004772","0.000156840547695","0.00128514346006","0.00368837712162","0.0164636870931"
"3455767","535640","583670","2012-10-07","0.000328755090107","5.37484966165e-05","0.000370045354268","0.0212027848692","0.0583313607543"
"3455768","535640","583670","2012-10-12","0.000431302216482","0.000460395325513","0.00301901645746","0.408139230865","0.669915348247"
"3455769","535640","583670","2012-10-17","9.75018056279e-05","0.000688564952427","0.00347692469345","0.116488444694","0.277600493439"
"3455770","535640","583670","2012-10-22","0.000123346304687","0.00310823722181","0.00407807677099","0.0620881849918","0.123304174579"
"3455771","535640","583670","2012-10-27","9.83956307495e-05","0.00264368478742","0.00545691725404","0.0106755932093","0.0348498750449"
"3455772","535640","583670","2012-11-01","0.000429639286088","0.0389949850735","0.0101562505405","0.00516048008241","0.069553544792"
"3455773","535640","583670","2012-11-06","0.000810880011079","0.0575794737292","0.105460341561","0.268838343506","0.474355477348"
"3455774","535640","583670","2012-11-11","0.00142422306165","0.173332546474","0.389091080645","0.32301458575","0.544348782897"
"3455775","535640","583670","2012-11-16","0.0345859983363","0.640698588654","0.819025493573","0.311081889721","0.48735012922"
"3455776","535640","583670","2012-11-21","0.00602280828086","0.606726714385","0.868299209409","0.554881395486","0.559990799369"
"3455777","535640","583670","2012-11-26","0.00745290191968","0.097715071942","0.0867509135972","0.0897152220347","0.199536452104"
"3455778","535640","583670","2012-12-01","0.00348540625655","0.00858002854053","0.0112921022385","0.01256663674","0.0664934094502"
