"55076","524180","528180","2003-01-01","0.612265771167","0.489018828377","0.375662740902","0.602422386805","0.4436500065"
"55077","524180","528180","2003-01-06","0.594626128254","0.604161511859","0.690677120251","0.862245546037","0.959777737625"
"55078","524180","528180","2003-01-11","0.966910421179","0.440993299583","0.477037176886","0.649455729337","0.800691917801"
"55079","524180","528180","2003-01-16","0.993097137098","0.564513544426","0.826055364303","0.950193395661","0.991022346508"
"55080","524180","528180","2003-01-21","0.498438688457","0.464725462196","0.776719468953","0.95933624805","0.89891908221"
"55081","524180","528180","2003-01-26","0.440368264484","0.18032094345","0.406808110285","0.811683322135","0.917185812"
"55082","524180","528180","2003-01-31","0.921722130188","0.183584758745","0.455025608594","0.859181611466","0.92039024496"
"55083","524180","528180","2003-02-05","0.266566258549","0.119644554186","0.234228912425","0.641128701024","0.420875942495"
"55084","524180","528180","2003-02-10","0.19225075882","0.0385569976248","0.0299273376848","0.0972736003546","0.131672108421"
"55085","524180","528180","2003-02-15","0.136732605202","0.0277034513521","0.0586310920861","0.116695712911","0.324355269343"
"55086","524180","528180","2003-02-20","0.349811887664","0.11066192562","0.108049271105","0.133712580956","0.463481687599"
"55087","524180","528180","2003-02-25","0.564772360667","0.0821731982648","0.0660935611219","0.12371037426","0.318695033984"
"55088","524180","528180","2003-03-02","0.146196800181","0.05781238825","0.322181273709","0.563856280067","0.656265998667"
"55089","524180","528180","2003-03-07","0.257876486133","0.257022025045","0.12936423242","0.198832691208","0.573813647926"
"55090","524180","528180","2003-03-12","0.110018434341","0.0499761994686","0.0287131213982","0.0359811621485","0.172280003264"
"55091","524180","528180","2003-03-17","0.0360590450465","0.162639200277","0.328015795391","0.608657674931","0.416096259264"
"55092","524180","528180","2003-03-22","0.00032261958801","0.00265505955106","0.0414048216273","0.177556573009","0.135661141104"
"55093","524180","528180","2003-03-27","0.00173474580737","0.00830074657236","0.0832104354777","0.315892709119","0.126359770626"
"55094","524180","528180","2003-04-01","0.00401966438157","0.0165728194659","0.157627086728","0.390832679825","0.108863083522"
"55095","524180","528180","2003-04-06","0.0228018646998","0.0704798806259","0.115338451738","0.194307994062","0.325090957257"
"55096","524180","528180","2003-04-11","0.00932428483588","0.0346057541019","0.113695604882","0.317611648688","0.944523603551"
"55097","524180","528180","2003-04-16","0.256003591242","0.314899874118","0.312883599183","0.400222816449","0.115048045749"
"55098","524180","528180","2003-04-21","0.109318055611","0.213365019466","0.0175885383839","0.0324417529137","0.00950953834154"
"55099","524180","528180","2003-04-26","0.13408092906","0.0803609670179","0.0164901267553","0.0024442459953","0.00486579200553"
"55100","524180","528180","2003-05-01","0.61072994296","0.0718810127117","0.281707588866","0.0877326969542","0.0369217244562"
"55101","524180","528180","2003-05-06","0.286800529259","0.119344276576","0.467661845553","0.625183808626","0.555307601957"
"55102","524180","528180","2003-05-11","0.795562755763","0.154929903202","0.710678405014","0.771308136708","0.697102749076"
"55103","524180","528180","2003-05-16","0.814290195323","0.281355419305","0.727414253847","0.379080324805","0.689022188967"
"55104","524180","528180","2003-05-21","0.752691887119","0.445760473211","0.897698798997","0.435410936918","0.451068932804"
"55105","524180","528180","2003-05-26","0.517848264924","0.210069622436","0.524792913342","0.0709601778519","0.272162549048"
"55106","524180","528180","2003-05-31","0.189797243162","0.101776159239","0.345445149673","0.570696178621","0.681289250023"
"55107","524180","528180","2003-06-05","0.0486069115985","0.0343386603241","0.184019150569","0.402080263663","0.599224283049"
"55108","524180","528180","2003-06-10","0.0530389970409","0.0444482196459","0.108792683016","0.229835873194","0.0618887639777"
"55109","524180","528180","2003-06-15","0.00897600287578","0.0117205232289","0.0452602747397","0.165656875443","0.199098510737"
"55110","524180","528180","2003-06-20","0.00114286808059","0.00560034037399","0.0095120827973","0.096924624201","0.111912283765"
"55111","524180","528180","2003-06-25","0.0320306902463","0.203525132546","0.121718750526","0.260569831534","0.124046310944"
"55112","524180","528180","2003-06-30","0.165818742735","0.470750373674","0.317336346037","0.481981249365","0.146671973372"
"55113","524180","528180","2003-07-05","0.289968625353","0.334109930587","0.308631164011","0.19952327077","0.0637367160654"
"55114","524180","528180","2003-07-10","0.220009467392","0.557027891565","0.194027005156","0.0363040588448","0.0106178573784"
"55115","524180","528180","2003-07-15","0.988238715005","0.619043224541","0.164264447628","0.0335967632363","0.119389486488"
"55116","524180","528180","2003-07-20","0.874289197581","0.843266560031","0.677950413859","0.779016878082","0.837703634334"
"55117","524180","528180","2003-07-25","0.291675408601","0.288984023761","0.346231653504","0.0950090487913","0.0320321456736"
"55118","524180","528180","2003-07-30","0.196416640907","0.448468742616","0.237988475245","0.167874694341","0.0424371342917"
"55119","524180","528180","2003-08-04","0.602459062212","0.287741038249","0.220980302919","0.158573644663","0.242704405157"
"55120","524180","528180","2003-08-09","0.61106063389","0.357110089136","0.291591142322","0.203493122457","0.211140204649"
"55121","524180","528180","2003-08-14","0.699046550873","0.103816626715","0.0845538238909","0.0633731382959","0.691266549746"
"55122","524180","528180","2003-08-19","0.755082798054","0.143408667352","0.432148179019","0.147629470488","0.133954520074"
"55123","524180","528180","2003-08-24","0.493373794073","0.0105936878656","0.00313540492341","0.00769234188309","0.0266306249643"
"55124","524180","528180","2003-08-29","0.223529500792","0.00692537549644","0.0120392501711","0.0350687337526","0.0872045862832"
"55125","524180","528180","2003-09-03","0.715750014434","0.331960588294","0.234689517368","0.237127647562","0.268623288956"
"55126","524180","528180","2003-09-08","0.656859898297","0.395149718596","0.0994480949417","0.242520263013","0.345916959081"
"55127","524180","528180","2003-09-13","0.305970988385","0.428648617244","0.0931035319521","0.240811860968","0.403243446958"
"55128","524180","528180","2003-09-18","0.656206813477","0.75238203234","0.51962344466","0.700947919355","0.651111947024"
"55129","524180","528180","2003-09-23","0.639380402808","0.395971257057","0.459537417914","0.89410030858","0.977777097886"
"55130","524180","528180","2003-09-28","0.554128666449","0.739128302157","0.236572848818","0.494931073169","0.836730395517"
"55131","524180","528180","2003-10-03","0.848987153811","0.90699613395","0.888740604165","0.974712484277","0.998039888596"
"55132","524180","528180","2003-10-08","0.967580505232","0.957271754788","0.840697572382","0.742601083371","0.921000251845"
"55133","524180","528180","2003-10-13","0.124148048601","0.182746279951","0.22904341646","0.0818846534638","0.0833430387628"
"55134","524180","528180","2003-10-18","0.105092063258","0.172446857601","0.136163541663","0.142705181606","0.0271012027252"
"55135","524180","528180","2003-10-23","0.213147969875","0.401934612428","0.451047070075","0.698745593694","0.767910457635"
"55136","524180","528180","2003-10-28","0.279433651515","0.252342707951","0.365812554007","0.440659886673","0.547239374421"
"55137","524180","528180","2003-11-02","0.0086232391307","0.00644707800398","0.043173993566","0.403984054811","0.298670349784"
"55138","524180","528180","2003-11-07","0.153674108202","0.146575965526","0.338884369226","0.565865244404","0.79454591029"
"55139","524180","528180","2003-11-12","0.051829262473","0.0897928172179","0.238493030512","0.504845933159","0.608184101176"
"55140","524180","528180","2003-11-17","0.0642680420536","0.057149259996","0.0765923031709","0.109210062159","0.121441826542"
"55141","524180","528180","2003-11-22","0.0269228117422","0.0395898132176","0.161317488654","0.0867623219941","0.111780545497"
"55142","524180","528180","2003-11-27","0.0535876718449","0.392558873125","0.668070815535","0.229287488906","0.0651106815428"
"55143","524180","528180","2003-12-02","0.0370799884276","0.15217822001","0.403972236844","0.265925273592","0.0276579339287"
"409989","524180","528180","2004-01-01","0.171498647926","0.548602122445","0.348703662051","0.570286468545","0.688746615639"
"409990","524180","528180","2004-01-06","0.525071868616","0.840193449713","0.579543607576","0.658218037194","0.878384748965"
"409991","524180","528180","2004-01-11","0.832893542677","0.78733224185","0.681202611174","0.847268935104","0.738974893472"
"409992","524180","528180","2004-01-16","0.866884981584","0.97580410048","0.840749857842","0.921260187813","0.663623003233"
"409993","524180","528180","2004-01-21","0.174586948554","0.408670228241","0.704348027416","0.651572253979","0.532965866664"
"409994","524180","528180","2004-01-26","0.135172185973","0.457870690133","0.767950353732","0.765235053091","0.828875475728"
"409995","524180","528180","2004-01-31","0.776740237315","0.5000786395","0.152886363575","0.336995161396","0.523904489427"
"409996","524180","528180","2004-02-05","0.904531349304","0.501102802971","0.366677552513","0.473264145936","0.405921952374"
"409997","524180","528180","2004-02-10","0.229093595235","0.654347044901","0.956893313126","0.932955013812","0.829932030454"
"409998","524180","528180","2004-02-15","0.275947048552","0.53698756154","0.788906161746","0.757520805171","0.756554616681"
"409999","524180","528180","2004-02-20","0.515055715644","0.767542616269","0.860397104166","0.90513791488","0.958206387711"
"410000","524180","528180","2004-02-25","0.488251156068","0.770915153803","0.862318765365","0.552687449444","0.833502675039"
"410001","524180","528180","2004-03-01","0.203368422041","0.46230553576","0.853455433629","0.463460506692","0.123997787916"
"410002","524180","528180","2004-03-06","0.442207487422","0.620340296966","0.828114033933","0.105950727457","0.00479537344668"
"410003","524180","528180","2004-03-11","0.453165070317","0.712812005755","0.866528071248","0.788191944535","0.672148243739"
"410004","524180","528180","2004-03-16","0.18247913649","0.353422411802","0.360082600523","0.0584911503047","0.110388484454"
"410005","524180","528180","2004-03-21","0.0105501687511","0.0645618614525","0.025031070901","0.102993609344","0.263091446942"
"410006","524180","528180","2004-03-26","0.0274148585421","0.222125989244","0.0416999293406","0.149410077681","0.226920316189"
"410007","524180","528180","2004-03-31","0.0471963080865","0.146204826041","0.00799110556081","0.0676973353155","0.253542243889"
"410008","524180","528180","2004-04-05","0.024253012062","0.0859601447546","0.203929961176","0.171180553071","0.00673027898015"
"410009","524180","528180","2004-04-10","0.103024378392","0.05814311075","0.199760017988","0.220197771042","0.0172593033762"
"410010","524180","528180","2004-04-15","0.0653391687098","0.0418005719286","0.172837532287","0.144517259043","0.035260057219"
"410011","524180","528180","2004-04-20","0.164676434716","0.0745331958411","0.151818236498","0.0431396079115","0.0357203575041"
"410012","524180","528180","2004-04-25","0.0486737076292","0.00935603328868","0.142336931803","0.135341421518","0.22000494471"
"410013","524180","528180","2004-04-30","0.883595321047","0.884097088451","0.439693156089","0.68936756863","0.862883367375"
"410014","524180","528180","2004-05-05","0.566714350065","0.474342638143","0.431815039749","0.780041881215","0.904006754469"
"410015","524180","528180","2004-05-10","0.683929198599","0.892068781525","0.354938772715","0.0528122510533","0.138489364594"
"410016","524180","528180","2004-05-15","0.872752713149","0.585298899601","0.192408206088","0.0419674637809","0.0615729598472"
"410017","524180","528180","2004-05-20","0.476278492847","0.541880624333","0.116795579716","0.00350789448987","0.010415308732"
"410018","524180","528180","2004-05-25","0.0507277050683","0.00608913796613","0.000810746268755","8.82389794233e-05","0.00011589072713"
"410019","524180","528180","2004-05-30","0.0937689570149","0.41899772533","0.62846853635","0.36761377185","0.00812813838859"
"410020","524180","528180","2004-06-04","0.825510473175","0.549768300671","0.652192840417","0.119537833351","0.0146857093053"
"410021","524180","528180","2004-06-09","0.702036606697","0.98943468321","0.592569369699","0.722706468208","0.480922507465"
"410022","524180","528180","2004-06-14","0.723953005924","0.964355855971","0.590633201113","0.749203848558","0.545714888989"
"410023","524180","528180","2004-06-19","0.556437500462","0.84654925253","0.433925151094","0.642644127631","0.643533858694"
"410024","524180","528180","2004-06-24","0.974418646711","0.613481791667","0.823844792101","0.564280519475","0.870355906532"
"410025","524180","528180","2004-06-29","0.541274707788","0.586277798857","0.678678268329","0.709244354809","0.577274112182"
"410026","524180","528180","2004-07-04","0.330609082082","0.304833754466","0.185391374973","0.360829170447","0.476731547775"
"410027","524180","528180","2004-07-09","0.00596234215909","0.0105464545692","0.0423931348962","0.121734387021","0.339601242363"
"410028","524180","528180","2004-07-14","0.0144793052119","0.0257044118307","0.163376336162","0.170481081004","0.343894150516"
"410029","524180","528180","2004-07-19","0.00945795482335","0.0029172007537","0.042160517389","0.0814145450184","0.148341752838"
"410030","524180","528180","2004-07-24","0.0156077483609","0.00558215213727","0.0834061652178","0.168165894312","0.0997593883792"
"410031","524180","528180","2004-07-29","0.00106799686412","0.00113916396557","0.0577316602813","0.0244381527169","0.0449700717888"
"410032","524180","528180","2004-08-03","0.00985598962427","0.0187259263322","0.411346563313","0.0636379881617","0.127602309893"
"410033","524180","528180","2004-08-08","0.0475593384282","0.0226043033002","0.200291623069","0.120641047716","0.299778271766"
"410034","524180","528180","2004-08-13","0.0457828337529","0.132599541693","0.36723633735","0.455234474906","0.774723096989"
"410035","524180","528180","2004-08-18","0.00903811437336","0.0107641930886","0.00537379948708","0.0676719339394","0.141046030888"
"410036","524180","528180","2004-08-23","0.0276965911817","0.0267172033024","0.0380843908579","0.0100350310453","0.0413905682869"
"410037","524180","528180","2004-08-28","0.0984936155715","0.130254212904","0.201506950982","0.0870466853157","0.179670398895"
"410038","524180","528180","2004-09-02","0.00327749438434","0.00440926715902","0.0127277956705","0.0158928286003","0.0525964404984"
"410039","524180","528180","2004-09-07","0.00416024138077","0.0186303631193","0.0129522078379","0.148189107054","0.331379872149"
"410040","524180","528180","2004-09-12","0.0156357350981","0.0528717419911","0.0273964731686","0.133964486852","0.0427197555738"
"410041","524180","528180","2004-09-17","0.0243980047007","0.0929691314229","0.0334651682885","0.0800139501237","0.0791529027233"
"410042","524180","528180","2004-09-22","0.0540597342164","0.0812762043515","0.146289465042","0.200288866478","0.140889877364"
"410043","524180","528180","2004-09-27","0.0810520906835","0.627001587261","0.888287502707","0.905812455472","0.530736788182"
"410044","524180","528180","2004-10-02","0.609889130811","0.701463500334","0.589722046776","0.460215382932","0.289448137456"
"410045","524180","528180","2004-10-07","0.324056908145","0.528759309476","0.346797240302","0.188268036662","0.00102515173827"
"410046","524180","528180","2004-10-12","0.0501058169696","0.1894805536","0.0712642737797","0.0525301451599","0.0367228929208"
"410047","524180","528180","2004-10-17","0.106410930019","0.234667751781","0.0815829918698","0.0206217721881","0.0255073573157"
"410048","524180","528180","2004-10-22","0.171131615849","0.249441325486","0.288488524058","0.418227514436","0.657659617158"
"410049","524180","528180","2004-10-27","0.53232098252","0.790709133319","0.295503198215","0.729612033289","0.620545769431"
"410050","524180","528180","2004-11-01","0.0544530313176","0.0634234606042","0.0719065893444","0.125105420997","0.204387019976"
"410051","524180","528180","2004-11-06","0.12779042659","0.0965218067642","0.0653857858881","0.186487771748","0.112757261883"
"410052","524180","528180","2004-11-11","0.640031945641","0.71768941791","0.877110644459","0.801843798223","0.924051049103"
"410053","524180","528180","2004-11-16","0.980565611399","0.935497195793","0.81457548354","0.931022434286","0.8743952984"
"410054","524180","528180","2004-11-21","0.994047255332","0.965703852516","0.858386564302","0.823342966729","0.708462819694"
"410055","524180","528180","2004-11-26","0.508013230158","0.517504820211","0.572036338544","0.755543067487","0.605055429653"
"410056","524180","528180","2004-12-01","0.637890373976","0.490306320521","0.803939186727","0.669688926577","0.787885485379"
"770152","524180","528180","2005-01-16","0.0408609100399","0.11469408965","0.178358536368","0.396290380816","0.243932603671"
"770153","524180","528180","2005-01-21","0.0316053067751","0.0535549592325","0.196081978067","0.241941370161","0.372342716939"
"770154","524180","528180","2005-01-26","0.0112597083671","0.0292726431909","0.103825125433","0.281674354719","0.539598781803"
"770155","524180","528180","2005-01-31","0.0398479802012","0.052756668272","0.202106990673","0.30074517001","0.452736011479"
"770156","524180","528180","2005-02-05","0.0686216177474","0.0277427342234","0.080498508488","0.236568952841","0.375006265285"
"770157","524180","528180","2005-02-10","0.063877932317","0.0596374847889","0.0450352059153","0.0698317031861","0.0233090697777"
"770158","524180","528180","2005-02-15","0.000320193178115","0.00157233067449","0.0194657586819","0.0484494377602","0.0557028123953"
"770159","524180","528180","2005-02-20","0.00537142278169","0.025236357336","0.0647023026384","0.0763829148165","0.150926013711"
"770160","524180","528180","2005-02-25","0.0673061022406","0.125320714105","0.186896052058","0.142540695884","0.273643317008"
"770161","524180","528180","2005-03-02","0.0476023799358","0.109970535105","0.0584804303866","0.041586791629","0.118739930145"
"770162","524180","528180","2005-03-07","0.0594287829861","0.047333016696","0.061817304191","0.124126946202","0.133300889145"
"770163","524180","528180","2005-03-12","0.144433194774","0.428292035101","0.668787144222","0.718627478597","0.784346870207"
"770164","524180","528180","2005-03-17","0.880220237652","0.306118349339","0.478634457199","0.623218564095","0.523236450571"
"770165","524180","528180","2005-03-22","0.881548743824","0.380503653986","0.514105272146","0.748936418821","0.371120663404"
"770166","524180","528180","2005-03-27","0.888642131621","0.424715579696","0.464049747034","0.847476326653","0.307668572528"
"770167","524180","528180","2005-04-01","0.80360673357","0.467472868771","0.462507964975","0.804713846816","0.14241193309"
"770168","524180","528180","2005-04-06","0.337228545669","0.0610558418646","0.145272286948","0.213687833663","0.0564493562042"
"770169","524180","528180","2005-04-11","0.400059630473","0.294008822066","0.327764893329","0.331953091561","0.0413842548533"
"770170","524180","528180","2005-04-16","0.0533842575439","0.0891023380806","0.231227718156","0.176478529498","0.0323879330301"
"770171","524180","528180","2005-04-21","0.00052591827077","0.00547443269426","0.0196658249285","0.0714333023679","0.0259283606094"
"770172","524180","528180","2005-04-26","0.000951493257669","0.00534958700838","0.0229117605844","0.0631696967302","0.0541409649807"
"770173","524180","528180","2005-05-01","0.00652376183586","0.00809244394607","0.0237215720833","0.0324569480292","0.0488225450347"
"770174","524180","528180","2005-05-06","0.0121969338431","0.0266658625389","0.0687007766062","0.0301980144119","0.0515621253099"
"770175","524180","528180","2005-05-11","0.00609171373955","0.0157187138314","0.0779141979515","0.0475333951167","0.0779011169374"
"770176","524180","528180","2005-05-16","0.0378021712398","0.136706896711","0.617841677639","0.125216598731","0.39662328248"
"770177","524180","528180","2005-05-21","0.481789889916","0.871424949175","0.948884559094","0.841041671809","0.96095227551"
"770178","524180","528180","2005-05-26","0.369540676016","0.257767706221","0.34978070854","0.739581219074","0.676433204997"
"770179","524180","528180","2005-05-31","0.0793226934008","0.741038974074","0.627788483011","0.948753745644","0.979646109245"
"770180","524180","528180","2005-06-05","0.634064608043","0.817371531396","0.317732744787","0.340884011987","0.334174174505"
"770181","524180","528180","2005-06-10","0.634258533362","0.407405373167","0.291577510076","0.412787639661","0.298531995441"
"770182","524180","528180","2005-06-15","0.308749670499","0.190822624631","0.719645513066","0.88085146967","0.7801778075"
"770183","524180","528180","2005-06-20","0.149821111391","0.0796487849454","0.516520740239","0.432919203116","0.0928292463464"
"770184","524180","528180","2005-06-25","0.0985480255485","0.051448203643","0.280500910814","0.27844903613","0.179470902128"
"770185","524180","528180","2005-06-30","0.119074030311","0.0534266107312","0.070325669064","0.201727231948","0.0345931209023"
"770186","524180","528180","2005-07-05","0.0365146814451","0.0241353745992","0.0922191039776","0.326318014068","0.0873763822105"
"770187","524180","528180","2005-07-10","0.0094911692469","0.0407929326388","0.0720027400757","0.256866659579","0.0628673150684"
"770188","524180","528180","2005-07-15","0.00154479423688","0.0489493457708","0.0868172191875","0.334026805226","0.4168065464"
"770189","524180","528180","2005-07-20","0.000142338865839","0.0172281510131","0.0450671657387","0.0640831994783","0.171224254191"
"770190","524180","528180","2005-07-25","0.00168558994117","0.102673300953","0.0600575229731","0.184930252527","0.497053873769"
"770191","524180","528180","2005-07-30","0.00450639919708","0.090278715108","0.249117476546","0.486861413041","0.332258851649"
"770192","524180","528180","2005-08-04","0.0211389838192","0.153076960468","0.297932001328","0.638684806438","0.529340573383"
"770193","524180","528180","2005-08-09","0.102755507351","0.136806196643","0.230004907701","0.384775554696","0.719120628306"
"770194","524180","528180","2005-08-14","0.96671941364","0.514870276654","0.184855894861","0.214429822957","0.501974063454"
"770195","524180","528180","2005-08-19","0.747854604807","0.775947226919","0.270262444938","0.588159095337","0.807700383824"
"770196","524180","528180","2005-08-24","0.954378324499","0.887108554053","0.339058005588","0.437712642008","0.560327531346"
"770197","524180","528180","2005-08-29","0.987658762852","0.809944484002","0.152905494309","0.104604103955","0.185944310655"
"770198","524180","528180","2005-09-03","0.439528736009","0.970320038039","0.281361559271","0.132146372416","0.237429906862"
"770199","524180","528180","2005-09-08","0.801976205594","0.538171827008","0.0917172774926","0.349187426189","0.697944447074"
"770200","524180","528180","2005-09-13","0.228970255585","0.13385523737","0.0801172647657","0.404186252299","0.474636521927"
"770201","524180","528180","2005-09-18","0.149621177287","0.28542466691","0.289697433102","0.577608526924","0.540614067967"
"770202","524180","528180","2005-09-23","0.337735190284","0.311393554569","0.597837638177","0.950463529549","0.471800462726"
"770203","524180","528180","2005-09-28","0.975872887199","0.731369104947","0.713227685633","0.14638449658","0.106848861915"
"770204","524180","528180","2005-10-03","0.358248929385","0.283711234837","0.367405109625","0.0786875580782","0.0711820762951"
"770205","524180","528180","2005-10-08","0.606503916907","0.696923380329","0.981753759266","0.223637731008","0.0980024337937"
"770206","524180","528180","2005-10-13","0.85887937905","0.752699194055","0.5994885536","0.598748542575","0.552670393686"
"770207","524180","528180","2005-10-18","0.779696677557","0.048172165842","0.128074277751","0.279624843513","0.358650654211"
"770208","524180","528180","2005-10-23","0.405838452569","0.318537744096","0.523898222862","0.75884639901","0.278696058027"
"770209","524180","528180","2005-10-28","0.293760182421","0.457325395804","0.890069635786","0.968624795486","0.540452255553"
"770210","524180","528180","2005-11-02","0.32612844581","0.594114193963","0.934103983649","0.9816041376","0.875417005717"
"770211","524180","528180","2005-11-07","0.0666206281532","0.709670813575","0.74203409795","0.857437458845","0.668189335319"
"770212","524180","528180","2005-11-12","0.036461190055","0.251910913754","0.199090881427","0.181182293192","0.172973709611"
"770213","524180","528180","2005-11-17","0.0254229726278","0.366111176458","0.125691402647","0.226007057194","0.291394457435"
"770214","524180","528180","2005-11-22","0.111253876127","0.427921961127","0.144645102028","0.17979594354","0.190584710914"
"770215","524180","528180","2005-11-27","0.350772872749","0.528223229787","0.0243854793287","0.0530372176921","0.153849971846"
"770216","524180","528180","2005-12-02","0.378367794725","0.470414986032","0.204066139978","0.263327904478","0.533491999598"
"1157313","524180","528180","2006-01-01","0.239485853837","0.158363516017","0.336898834134","0.47125390105","0.29497171387"
"1157314","524180","528180","2006-01-06","0.224974134129","0.183166480605","0.342019993862","0.197852941359","0.268403925124"
"1157315","524180","528180","2006-01-11","0.414501226851","0.388387124734","0.0882295146499","0.0546027805773","0.125288572144"
"1157316","524180","528180","2006-01-16","0.510340289589","0.348330908004","0.198706443576","0.0841169445534","0.20860720385"
"1157317","524180","528180","2006-01-21","0.494730517957","0.497259564513","0.129775159202","0.0484917481063","0.0259275596037"
"1157318","524180","528180","2006-01-26","0.210711170024","0.192045200228","0.0102606797773","0.0104517754322","0.0281588576022"
"1157319","524180","528180","2006-01-31","0.256180348638","0.0895313639464","0.0485642164817","0.0214082196057","0.054673328344"
"1157320","524180","528180","2006-02-05","0.140682889344","0.024583268038","0.0249349538946","0.0455682744038","0.103858204934"
"1157321","524180","528180","2006-02-10","0.0707218860233","0.0180810827226","0.00985948976484","0.0341072460594","0.0460196941051"
"1157322","524180","528180","2006-02-15","0.0192805296495","0.00073745381206","0.00115790298786","0.0141283404525","0.0476856320324"
"1157323","524180","528180","2006-02-20","0.0395405558763","0.0005494796447","0.00147175841013","0.00531947765088","0.0162933024801"
"1157324","524180","528180","2006-02-25","0.0042064136554","4.64528813825e-05","6.44578650584e-05","2.55933203373e-05","0.00017906703482"
"1157325","524180","528180","2006-03-02","0.00498669275385","3.73682648521e-05","0.000111520929079","0.000185688803276","0.000554853652432"
"1157326","524180","528180","2006-03-07","0.133119354341","0.154897648036","0.0812203728022","0.361423514865","0.465492808525"
"1157327","524180","528180","2006-03-12","0.0955118294696","0.126172374033","0.376347638118","0.143886139856","0.0224618481696"
"1157328","524180","528180","2006-03-17","0.000252971114431","0.0012516889204","0.00157523748897","0.00825146735986","0.0133097807383"
"1157329","524180","528180","2006-03-22","0.000912386511069","0.00375914014804","0.00227137692425","0.00941020588587","0.00996827024941"
"1157330","524180","528180","2006-03-27","0.00344705401142","0.0128319065047","0.00485579092683","0.004049142014","0.00335277080577"
"1157331","524180","528180","2006-04-01","0.00982980724013","0.0017534695652","0.00198945434715","0.00669743536384","0.00533822783295"
"1157332","524180","528180","2006-04-06","0.00440608313971","0.00379907676499","0.00129854452165","0.385839579491","0.0182842576785"
"1157333","524180","528180","2006-04-11","0.428353196045","0.570546979552","0.182945564217","0.207022303261","0.0068443420644"
"1157334","524180","528180","2006-04-16","0.0593534243314","0.329137562309","0.287688818372","0.462288435784","0.109264073164"
"1157335","524180","528180","2006-04-21","0.0102459073549","0.0585964405799","0.113881404946","0.0538906178536","0.0690743188817"
"1157336","524180","528180","2006-04-26","0.00107872915379","0.0130902812396","0.04707416421","0.013498019454","0.0247512976542"
"1157337","524180","528180","2006-05-01","0.0151768546534","0.0958769359993","0.210294267055","0.0362217890536","0.117103559187"
"1157338","524180","528180","2006-05-06","0.0303112783176","0.247442265619","0.444968646876","0.286855123186","0.182958018536"
"1157339","524180","528180","2006-05-11","0.770454724799","0.796209084874","0.952178028554","0.699412736114","0.648435705833"
"1157340","524180","528180","2006-05-16","0.893417234336","0.807067360981","0.824867819008","0.912556862396","0.978436300476"
"1157341","524180","528180","2006-05-21","0.77875826345","0.153601622585","0.265367376662","0.417829185371","0.525577026628"
"1157342","524180","528180","2006-05-26","0.288657251456","0.0755220122615","0.0999871063804","0.203369170714","0.499661060554"
"1157343","524180","528180","2006-05-31","0.150187214109","0.0850725489356","0.599798242756","0.612096514887","0.123064875477"
"1157344","524180","528180","2006-06-05","0.00523659412536","0.00194433146618","0.0240998847692","0.0860018965795","0.102014406788"
"1157345","524180","528180","2006-06-10","0.0330851510883","0.0534166046848","0.0977073173329","0.163038932651","0.21615209008"
"1157346","524180","528180","2006-06-15","0.102396777457","0.0521819402982","0.186063635345","0.523301461628","0.216246317285"
"1157347","524180","528180","2006-06-20","0.13648327873","0.0618875622481","0.261026204648","0.410152483074","0.151120111423"
"1157348","524180","528180","2006-06-25","0.311988801423","0.279391358915","0.588776965883","0.660519427519","0.514054219636"
"1157349","524180","528180","2006-06-30","0.800810364458","0.645336892051","0.723366443502","0.650282574735","0.808853145793"
"1157350","524180","528180","2006-07-05","0.854784952911","0.41732512189","0.314526442335","0.164063613815","0.26894328904"
"1157351","524180","528180","2006-07-10","0.536811684017","0.322422184594","0.517936746072","0.677289242041","0.310608660701"
"1157352","524180","528180","2006-07-15","0.387920803027","0.882678546787","0.956753901159","0.945248317027","0.966204117576"
"1157353","524180","528180","2006-07-20","0.0848199290126","0.219431174934","0.0922090023743","0.120288835742","0.603148331062"
"1157354","524180","528180","2006-07-25","0.41500336875","0.150588424289","0.064513799618","0.119931354587","0.306602860876"
"1157355","524180","528180","2006-07-30","0.218186828617","0.539312914673","0.311746478334","0.381404704674","0.561614900377"
"1157356","524180","528180","2006-08-04","0.148713631464","0.483060527699","0.55156230968","0.744152420194","0.834041132886"
"1157357","524180","528180","2006-08-09","0.179484158338","0.587108185975","0.688475214194","0.77131997955","0.523797955411"
"1157358","524180","528180","2006-08-14","0.295169123475","0.545587704176","0.785587210182","0.475031093611","0.0821612347753"
"1157359","524180","528180","2006-08-19","0.111085454107","0.262599961637","0.403212049528","0.684999386752","0.118326021875"
"1157360","524180","528180","2006-08-24","0.0361087474412","0.226108701797","0.699546066105","0.941554947118","0.0390311716357"
"1157361","524180","528180","2006-08-29","0.673508406532","0.435137377783","0.685450304794","0.805029171029","0.69761191332"
"1157362","524180","528180","2006-09-03","0.486733772582","0.944735995114","0.932160373853","0.865944797901","0.36839900142"
"1157363","524180","528180","2006-09-08","0.736392504371","0.900167756214","0.796534741076","0.965231910784","0.930619515703"
"1157364","524180","528180","2006-09-13","0.817698102829","0.8407549825","0.939053285047","0.79768319766","0.730280860167"
"1157365","524180","528180","2006-09-18","0.719082087203","0.784015327926","0.7673044769","0.885584218822","0.950028278929"
"1157366","524180","528180","2006-09-23","0.551996080083","0.896354056846","0.76332810514","0.669722374529","0.652195467371"
"1157367","524180","528180","2006-09-28","0.0780903357346","0.351868422117","0.0468449174986","0.213676833794","0.480552260491"
"1157368","524180","528180","2006-10-03","0.0892647948193","0.192237386665","0.0373493882676","0.0576619415338","0.148595792075"
"1157369","524180","528180","2006-10-08","0.105452220097","0.0690882280553","0.0064253843462","0.126175494965","0.564937809807"
"1157370","524180","528180","2006-10-13","0.178609631836","0.216662554653","0.0186489897235","0.202605619389","0.654128856695"
"1157371","524180","528180","2006-10-18","0.218216392273","0.388522671742","0.0941872721926","0.75810073282","0.885235549378"
"1157372","524180","528180","2006-10-23","0.463911831897","0.815393373308","0.763501646562","0.487149192266","0.655347987338"
"1157373","524180","528180","2006-10-28","0.98051707302","0.796304402707","0.962155412725","0.635328846315","0.885237178006"
"1157374","524180","528180","2006-11-02","0.7115315384","0.932630233947","0.895377373241","0.979197462556","0.990382867052"
"1157375","524180","528180","2006-11-07","0.47428828251","0.587465429644","0.676863520637","0.847603553835","0.540775373481"
"1157376","524180","528180","2006-11-12","0.640384296933","0.88166425791","0.952706775633","0.795328273075","0.314059002022"
"1157377","524180","528180","2006-11-17","0.525137643361","0.670571457169","0.750981930204","0.480831316587","0.368717769302"
"1157378","524180","528180","2006-11-22","0.272715396807","0.561957356611","0.747571999008","0.756791521703","0.872865130297"
"1157379","524180","528180","2006-11-27","0.565132783953","0.533202451376","0.666140194227","0.903814378751","0.863702874987"
"1157380","524180","528180","2006-12-02","0.401166331413","0.640555718447","0.811782305746","0.897976672523","0.838931762939"
"1539209","524180","528180","2007-01-01","0.250751621234","0.524003428348","0.305368320629","0.123714966956","0.238854297787"
"1539210","524180","528180","2007-01-06","0.529588873931","0.558791946427","0.389252936107","0.637866928631","0.721726634585"
"1539211","524180","528180","2007-01-11","0.613038842009","0.783687236214","0.544025318865","0.628470677295","0.766946326764"
"1539212","524180","528180","2007-01-16","0.850302843195","0.692446071403","0.204874258274","0.181880471505","0.338285205263"
"1539213","524180","528180","2007-01-21","0.68810775564","0.780698898794","0.296502878601","0.663862774397","0.654629680916"
"1539214","524180","528180","2007-01-26","0.747438771204","0.922435467675","0.38162694373","0.733949619344","0.832386829262"
"1539215","524180","528180","2007-01-31","0.755454394525","0.276970041786","0.456660114459","0.312803348164","0.140718756293"
"1539216","524180","528180","2007-02-05","0.0825825353479","0.0285710018328","0.115216579744","0.333126158457","0.0438830284954"
"1539217","524180","528180","2007-02-10","0.698908760618","0.909983995385","0.738611655565","0.517798293553","0.172184356589"
"1539218","524180","528180","2007-02-15","0.913622087191","0.378372319785","0.205693198671","0.39445818692","0.489338655647"
"1539219","524180","528180","2007-02-20","0.596377663481","0.610387480009","0.785700967407","0.689890880055","0.840057700849"
"1539220","524180","528180","2007-02-25","0.962450974546","0.808264289056","0.496171355509","0.515562504007","0.57708240859"
"1539221","524180","528180","2007-03-02","0.81652182769","0.689929581743","0.85215746838","0.786903249319","0.937089569037"
"1539222","524180","528180","2007-03-07","0.750085742187","0.434986568329","0.643746363031","0.811318382907","0.755082837643"
"1539223","524180","528180","2007-03-12","0.598063131876","0.432114709063","0.553339268307","0.696993527838","0.744793550096"
"1539224","524180","528180","2007-03-17","0.846061607931","0.441914367339","0.611286861373","0.650353468114","0.622886785869"
"1539225","524180","528180","2007-03-22","0.131762963423","0.272675078754","0.522201633134","0.299224739211","0.0644161212348"
"1539226","524180","528180","2007-03-27","0.333148400773","0.448430239458","0.779008069882","0.860468800093","0.761360204755"
"1539227","524180","528180","2007-04-01","0.343176946329","0.524990195694","0.7549006155","0.565499592459","0.18884127528"
"1539228","524180","528180","2007-04-06","0.242650486037","0.357029411808","0.563764458088","0.307301574574","0.077272179098"
"1539229","524180","528180","2007-04-11","0.180141139696","0.290519163753","0.426080301917","0.307895685627","0.0687460726812"
"1539230","524180","528180","2007-04-16","0.120693540119","0.218535983704","0.480018679036","0.281403877321","0.029320991307"
"1539231","524180","528180","2007-04-21","0.0817869839794","0.182316693866","0.47982501718","0.405215148892","0.150168068644"
"1539232","524180","528180","2007-04-26","0.320548616543","0.736663559735","0.844551037192","0.973296562437","0.766333721338"
"1539233","524180","528180","2007-05-01","0.13274733058","0.536245541988","0.725928929239","0.72873608771","0.153686107598"
"1539234","524180","528180","2007-05-06","0.164391976658","0.544709645713","0.765622520851","0.787564464411","0.302563475171"
"1539235","524180","528180","2007-05-11","0.968719917194","0.850046538151","0.919268654814","0.218258062613","0.18792121253"
"1539236","524180","528180","2007-05-16","0.588044389037","0.683905157753","0.864808067111","0.906696164498","0.736869800457"
"1539237","524180","528180","2007-05-21","0.138547458935","0.135084602631","0.243232834631","0.350522595685","0.430043788394"
"1539238","524180","528180","2007-05-26","0.15623377481","0.326316558021","0.639894180447","0.795577523467","0.956479497186"
"1539239","524180","528180","2007-05-31","0.370367428121","0.390764604597","0.530028057272","0.776021245529","0.928408961454"
"1539240","524180","528180","2007-06-05","0.683991460616","0.238336487096","0.246957917749","0.505546706238","0.511128056635"
"1539241","524180","528180","2007-06-10","0.532437253515","0.64243445149","0.9267298152","0.945881907703","0.891831528091"
"1539242","524180","528180","2007-06-15","0.603613165836","0.739208075927","0.927297725019","0.980379418537","0.979953750993"
"1539243","524180","528180","2007-06-20","0.741376289227","0.42951570769","0.486358384902","0.561323522891","0.7849103717"
"1539244","524180","528180","2007-06-25","0.694297812912","0.783498767933","0.818832949165","0.639364851519","0.68417074052"
"1539245","524180","528180","2007-06-30","0.404184156529","0.588562281615","0.781319377817","0.420159746379","0.729021678242"
"1539246","524180","528180","2007-07-05","0.474647366388","0.516375264423","0.42001768431","0.502965068265","0.635285922113"
"1539247","524180","528180","2007-07-10","0.642255369981","0.488011530958","0.654285041002","0.669410076443","0.722399751324"
"1539248","524180","528180","2007-07-15","0.674403662014","0.349224891954","0.535483666374","0.457204511282","0.508283793999"
"1539249","524180","528180","2007-07-20","0.118978949307","0.890577862449","0.671759172175","0.78409610769","0.379985244849"
"1539250","524180","528180","2007-07-25","0.0808902624279","0.29621195876","0.316742819009","0.312703804223","0.621365047364"
"1539251","524180","528180","2007-08-29","0.269146079232","0.863441876206","0.990914308675","0.948983864937","0.995986407222"
"1539252","524180","528180","2007-09-03","0.443942985445","0.72041553824","0.677233825539","0.794749026391","0.411400473881"
"1539253","524180","528180","2007-09-08","0.464112142543","0.218120049758","0.244721922871","0.541045144717","0.722890234795"
"1539254","524180","528180","2007-09-13","0.516223542331","0.437416115831","0.238405128401","0.50241660217","0.754312086402"
"1539255","524180","528180","2007-09-18","0.978129489061","0.270323532689","0.326731757375","0.452324693876","0.113324287726"
"1539256","524180","528180","2007-09-23","0.865665377235","0.188211761883","0.221616850856","0.377601058052","0.990320514019"
"1539257","524180","528180","2007-09-28","0.74829279657","0.468054596172","0.517609423051","0.494299558463","0.696944346509"
"1539258","524180","528180","2007-10-03","0.809552158779","0.857233390443","0.40440055612","0.18921907883","0.357318697459"
"1539259","524180","528180","2007-10-08","0.967276197427","0.851909850438","0.564031008278","0.554926047897","0.72186802874"
"1539260","524180","528180","2007-10-13","0.824749740329","0.780763784217","0.40682050268","0.302738302761","0.400865850194"
"1539261","524180","528180","2007-10-18","0.490363860824","0.5248365316","0.338866795424","0.311574817373","0.631395508016"
"1539262","524180","528180","2007-10-23","0.741659576017","0.376914611034","0.412480846874","0.36666409684","0.524507701986"
"1539263","524180","528180","2007-10-28","0.210361551837","0.198502062331","0.389676632887","0.512248388168","0.751581937016"
"1539264","524180","528180","2007-11-02","0.395225083455","0.388921881285","0.333774158877","0.222199098331","0.540487724389"
"1539265","524180","528180","2007-11-07","0.303254607492","0.328934553028","0.452466983517","0.396350417407","0.618306877946"
"1539266","524180","528180","2007-11-12","0.323792378453","0.472487325775","0.661663886063","0.683300482115","0.5516857472"
"1539267","524180","528180","2007-11-17","0.316970420045","0.531455830468","0.704529497894","0.77241990326","0.834912106989"
"1539268","524180","528180","2007-11-22","0.47696368643","0.986075091828","0.424555850185","0.363354953032","0.0286249807352"
"1539269","524180","528180","2007-11-27","0.349862901178","0.247440288191","0.677678305984","0.516676286039","0.233036535296"
"1539270","524180","528180","2007-12-02","0.54206556202","0.682041844696","0.984977508212","0.927533731051","0.935041004581"
"1892363","524180","528180","2008-01-01","0.618559086913","0.426376195901","0.613828020762","0.821481941245","0.343197633927"
"1892364","524180","528180","2008-01-06","0.733934696195","0.811870598394","0.856711979219","0.992499211494","0.985683329915"
"1892365","524180","528180","2008-01-11","0.512210239428","0.583077553513","0.804900902891","0.883353028014","0.963614030751"
"1892366","524180","528180","2008-01-16","0.948102139335","0.650895066854","0.170515158826","0.361976031298","0.332795533393"
"1892367","524180","528180","2008-01-21","0.460336624474","0.373990662687","0.0769019350318","0.475011236963","0.608272992877"
"1892368","524180","528180","2008-01-26","0.109375628519","0.588528115595","0.305899485428","0.307069893338","0.54289131141"
"1892369","524180","528180","2008-01-31","0.179490313617","0.349215641678","0.290254142957","0.77292600982","0.918584252159"
"1892370","524180","528180","2008-02-05","0.201176560695","0.375610636691","0.645116799629","0.825167094983","0.861904199388"
"1892371","524180","528180","2008-02-10","0.265181113232","0.462381385142","0.462377277197","0.82261542917","0.776968411127"
"1892372","524180","528180","2008-02-15","0.214992441771","0.5811369528","0.409890470233","0.840150898843","0.194742268915"
"1892373","524180","528180","2008-02-20","0.220524923762","0.677098365844","0.178701175369","0.617814315063","0.608787088113"
"1892374","524180","528180","2008-02-25","0.0333884732281","0.415689105844","0.15658602362","0.310628267621","0.441522420908"
"1892375","524180","528180","2008-03-01","0.0663238494391","0.287917637913","0.00666904897453","0.014951630569","0.0563565130549"
"1892376","524180","528180","2008-03-06","0.0330949104647","0.142684292239","0.0945931405638","0.157004348803","0.304818408337"
"1892377","524180","528180","2008-03-11","0.295991064726","0.361179048809","0.323202942889","0.384667297891","0.355431175969"
"1892378","524180","528180","2008-03-16","0.364797904851","0.12510964705","0.305623070117","0.254446389076","0.477016707068"
"1892379","524180","528180","2008-03-21","0.516504352036","0.295380733896","0.480132800496","0.326521031508","0.31853963902"
"1892380","524180","528180","2008-03-26","0.0498987977713","0.0182358406657","0.0452223475518","0.0927422325072","0.185779551584"
"1892381","524180","528180","2008-03-31","0.0462892971946","0.0646464731302","0.0601422174847","0.0552230977819","0.0906112655529"
"1892382","524180","528180","2008-04-05","0.0359431803949","0.0576444160805","0.0616903740667","0.166503593879","0.0605939537912"
"1892383","524180","528180","2008-04-10","0.113454328908","0.0931478888986","0.305903039594","0.371145801079","0.406843908724"
"1892384","524180","528180","2008-04-15","0.101694865368","0.0763058542152","0.253014825409","0.821308081717","0.706072729302"
"1892385","524180","528180","2008-04-20","0.674969591851","0.311319936759","0.356577127945","0.723214454349","0.698736206177"
"1892386","524180","528180","2008-04-25","0.67924839401","0.387546283612","0.646913545627","0.589086119514","0.625771205667"
"1892387","524180","528180","2008-04-30","0.515085386129","0.0270547304494","0.171677151255","0.601227380832","0.308648929354"
"1892388","524180","528180","2008-05-05","0.0407426301876","0.179416255654","0.0905252931434","0.0752873766503","0.196778965595"
"1892389","524180","528180","2008-05-10","0.427569244243","0.758716394878","0.611996990213","0.654722253708","0.757964059909"
"1892390","524180","528180","2008-05-15","0.704588352138","0.85350167643","0.158907601567","0.196436730988","0.379828600696"
"1892391","524180","528180","2008-05-20","0.754528117762","0.328821340109","0.108193391244","0.231627076528","0.372088967196"
"1892392","524180","528180","2008-05-25","0.762988657156","0.492257449552","0.102721880098","0.281858012776","0.13894459476"
"1892393","524180","528180","2008-05-30","0.506904779982","0.537320147323","0.201756697724","0.129562234416","0.173965675364"
"1892394","524180","528180","2008-06-04","0.47817970255","0.356507508035","0.199488084481","0.353888455724","0.521371732493"
"1892395","524180","528180","2008-06-09","0.360557261773","0.770273267373","0.628338295772","0.875892730002","0.6734086834"
"1892396","524180","528180","2008-06-14","0.94281246587","0.801047195149","0.854661339481","0.951889602047","0.94226783308"
"1892397","524180","528180","2008-06-19","0.428769141624","0.46935154893","0.644643891851","0.898254236084","0.475450417256"
"1892398","524180","528180","2008-06-24","0.901175770268","0.22710017625","0.239641396145","0.55402777584","0.381874366426"
"1892399","524180","528180","2008-06-29","0.223860922488","0.63722061618","0.260169119965","0.510417523785","0.825615907721"
"1892400","524180","528180","2008-07-04","0.0821411864439","0.187620034627","0.247482115128","0.210283345094","0.247305298025"
"1892401","524180","528180","2008-07-09","0.0274817562762","0.05293435163","0.18620155766","0.299555938889","0.476931078666"
"1892402","524180","528180","2008-07-14","0.802867157811","0.0519232183393","0.339522179086","0.170611103374","0.331223544667"
"1892403","524180","528180","2008-07-19","0.426271465409","0.0850485356383","0.344782510717","0.296713906803","0.502328539322"
"1892404","524180","528180","2008-07-24","0.108791460633","0.135304050169","0.274849226101","0.200613496198","0.212701642343"
"1892405","524180","528180","2008-07-29","0.0117350494772","0.052542049741","0.129600599095","0.246797303745","0.404664632004"
"1892406","524180","528180","2008-08-03","0.118759595559","0.260537185275","0.513008872325","0.737755308364","0.821939347664"
"1892407","524180","528180","2008-08-08","0.504618853079","0.630639878814","0.737960844331","0.925953372307","0.83579300264"
"1892408","524180","528180","2008-08-13","0.386016585183","0.622228900738","0.653320051757","0.817039511769","0.917219238946"
"1892409","524180","528180","2008-08-18","0.472347734925","0.681620063032","0.83840102528","0.851224992341","0.856607100906"
"1892410","524180","528180","2008-08-23","0.429693113564","0.542294705712","0.325991361304","0.506541314042","0.36587969473"
"1892411","524180","528180","2008-08-28","0.369646698225","0.728025936298","0.211346800573","0.586856991052","0.63054285965"
"1892412","524180","528180","2008-09-02","0.0923363031022","0.341090091944","0.222566927282","0.737276441933","0.535783759984"
"1892413","524180","528180","2008-09-07","0.0781580798102","0.002622453091","0.00357849461161","0.0511679466016","0.160112736713"
"1892414","524180","528180","2008-09-12","0.116873351979","0.00375443523665","0.0324217754639","0.153252358284","0.264581999041"
"1892415","524180","528180","2008-09-17","0.100711479662","0.00914120603333","0.0458968503973","0.217541607366","0.257408437401"
"1892416","524180","528180","2008-09-22","0.678655081162","0.514712099214","0.376290303563","0.0880515498907","0.0704382885632"
"1892417","524180","528180","2008-09-27","0.455387702359","0.734454828147","0.799638662603","0.654720121471","0.505020822713"
"1892418","524180","528180","2008-10-02","0.782588973849","0.995668402555","0.987585864277","0.56816940767","0.31401072825"
"1892419","524180","528180","2008-10-07","0.699037434786","0.957490694815","0.840782376149","0.48596308389","0.476425357776"
"1892420","524180","528180","2008-10-12","0.319222743624","0.564660821417","0.353079942101","0.738181023638","0.7433287221"
"1892421","524180","528180","2008-10-17","0.372016961872","0.724898566697","0.816290208042","0.418872815885","0.507025286364"
"1892422","524180","528180","2008-10-22","0.440162681661","0.693453407087","0.500533382052","0.49409880527","0.77808155731"
"1892423","524180","528180","2008-10-27","0.448958289501","0.584450350577","0.215902226758","0.429703177224","0.432930438107"
"1892424","524180","528180","2008-11-01","0.298775002506","0.629650714612","0.647142687542","0.374010962065","0.659691378439"
"1892425","524180","528180","2008-11-06","0.427046549101","0.365179554806","0.850920520043","0.89453346896","0.750481279685"
"1892426","524180","528180","2008-11-11","0.0930635411875","0.174265093294","0.219533202411","0.46522775953","0.674438946023"
"1892427","524180","528180","2008-11-16","0.115408038345","0.194543321509","0.233051545345","0.431584054393","0.573763911151"
"1892428","524180","528180","2008-11-21","0.144372970474","0.206623936039","0.134915463447","0.219789719483","0.205075704833"
"1892429","524180","528180","2008-11-26","0.0974565691692","0.139988865226","0.0267711151935","0.0980909742043","0.122917008689"
"1892430","524180","528180","2008-12-01","0.00940109355309","0.0081175709096","0.00429506047185","0.0533762839759","0.0174264814131"
"2272434","524180","528180","2009-01-01","0.641492270344","0.78189380884","0.885664829028","0.632900679573","0.541892326878"
"2272435","524180","528180","2009-01-06","0.52114480833","0.937030961556","0.996511321556","0.343138178913","0.330491589249"
"2272436","524180","528180","2009-01-11","0.176186082261","0.89581414786","0.967334810965","0.317173687414","0.292142567636"
"2272437","524180","528180","2009-01-16","0.0944271857149","0.395022047204","0.605748292761","0.105363662209","0.142221041182"
"2272438","524180","528180","2009-01-21","0.0894185088231","0.0681310228141","0.139344933101","0.348391458953","0.37944160426"
"2272439","524180","528180","2009-01-26","0.0336754200408","0.0153001187246","0.00195794181505","0.0547141303683","0.0352070462934"
"2272440","524180","528180","2009-01-31","0.00434785849697","0.000451013276398","0.00184314562978","0.00883799931733","0.00733759966209"
"2272441","524180","528180","2009-02-05","0.0250772791809","0.0045371278514","0.00623626688712","0.0319721034677","0.23719489461"
"2272442","524180","528180","2009-02-10","0.342032931472","0.422944911732","0.424567428324","0.631924673801","0.93371526168"
"2272443","524180","528180","2009-02-15","0.112960047957","0.130075188625","0.0500138579303","0.173355509406","0.591497963778"
"2272444","524180","528180","2009-02-20","0.833250946227","0.957066578975","0.675257061639","0.898433174206","0.902434220559"
"2272445","524180","528180","2009-02-25","0.97348851505","0.700094932894","0.77413368026","0.40508611017","0.409747152884"
"2272446","524180","528180","2009-03-02","0.87989368923","0.627624710952","0.702033279642","0.226103403476","0.311623415318"
"2272447","524180","528180","2009-03-07","0.793960590297","0.660948403866","0.710994278343","0.31750265729","0.0170461593013"
"2272448","524180","528180","2009-03-12","0.889184213002","0.046328925131","0.0941267936072","0.146111886142","0.423321629176"
"2272449","524180","528180","2009-03-17","0.905476538037","0.0561184828166","0.140753355428","0.826724918766","0.906688137952"
"2272450","524180","528180","2009-03-22","0.0389627644334","0.544565376464","0.785915655721","0.54156724842","0.307665976174"
"2272451","524180","528180","2009-03-27","0.0431342457548","0.209078669558","0.413323600272","0.527104113446","0.229877933117"
"2272452","524180","528180","2009-04-01","0.0250992052052","0.110986723559","0.184134802323","0.424824465413","0.505052165207"
"2272453","524180","528180","2009-04-06","0.047717192724","0.0274850054112","0.0798222054506","0.136386306559","0.179207192726"
"2272454","524180","528180","2009-04-11","0.0165249433251","0.013302802308","0.0453687975037","0.0443424511999","0.0301737457229"
"2272455","524180","528180","2009-04-16","0.124966806037","0.0711071395442","0.152864563018","0.0807008220618","0.0715559076934"
"2272456","524180","528180","2009-04-21","0.498959436043","0.297457156811","0.317546044279","0.304012778237","0.127366672584"
"2272457","524180","528180","2009-04-26","0.0901371081629","0.498581930493","0.389840662776","0.255261495361","0.16813604301"
"2272458","524180","528180","2009-05-01","0.166855195473","0.345625806531","0.378949756918","0.459103806949","0.297742235992"
"2272459","524180","528180","2009-05-06","0.211523024195","0.148140399037","0.174943109356","0.0423240777131","0.149735905625"
"2272460","524180","528180","2009-05-11","0.0993445977418","0.103919635263","0.0483991830102","0.00740342598413","0.0657285294165"
"2272461","524180","528180","2009-05-16","0.0835188110673","0.0563023032681","0.10447531181","0.0304297185247","0.14172103079"
"2272462","524180","528180","2009-05-21","0.52066031846","0.208622123116","0.350756398669","0.250578371616","0.543474239594"
"2272463","524180","528180","2009-05-26","0.347182722329","0.2263220016","0.0345476415748","0.0217594656696","0.0243071904501"
"2272464","524180","528180","2009-05-31","0.540206317633","0.363170891664","0.422542564859","0.357565831379","0.56754714065"
"2272465","524180","528180","2009-06-05","0.0224700653629","0.0837191792433","0.0397108364814","0.309060436055","0.206749465821"
"2272466","524180","528180","2009-06-10","0.00246420518029","0.00220915553482","0.00394215739523","0.140818767648","0.269982996252"
"2272467","524180","528180","2009-06-15","0.00117972482861","0.00321430745673","0.00523196037167","0.0416198362909","0.0594548243304"
"2272468","524180","528180","2009-06-20","0.00051276016449","0.00169773549061","0.00723867627131","0.0219596746005","0.097392224913"
"2272469","524180","528180","2009-06-25","0.00039377906316","0.00224272075819","0.00830472690547","0.0323249636958","0.0851896556268"
"2272470","524180","528180","2009-06-30","0.0148839927848","0.235502922739","0.27478463429","0.210112863243","0.419079162328"
"2272471","524180","528180","2009-07-05","0.275872332992","0.448567546495","0.312992581411","0.383389525295","0.880206168094"
"2272472","524180","528180","2009-07-10","0.522969717066","0.248080279183","0.254445137822","0.363152568743","0.634441442715"
"2272473","524180","528180","2009-07-15","0.333327169134","0.428241853117","0.466988165713","0.357278408438","0.303566916021"
"2272474","524180","528180","2009-07-20","0.809080515752","0.919927123996","0.725997561293","0.525663226296","0.388680743353"
"2272475","524180","528180","2009-07-25","0.854394291319","0.954818545948","0.997562038702","0.865585765103","0.217143813426"
"2272476","524180","528180","2009-07-30","0.933702101326","0.934792638096","0.957330984971","0.665818905316","0.111156403583"
"2272477","524180","528180","2009-08-04","0.728606546217","0.502951168434","0.375720748302","0.0813598357484","0.00766147934263"
"2272478","524180","528180","2009-08-09","0.310323955793","0.00163161568525","0.00773687542305","0.0324496642595","0.00310943259672"
"2272479","524180","528180","2009-08-14","0.446500554969","0.0832109594385","0.0225748974961","0.0393258585657","0.033448367169"
"2272480","524180","528180","2009-08-19","0.911113952539","0.0697970087986","0.216835131025","0.411558814394","0.205639586426"
"2272481","524180","528180","2009-08-24","0.973512839833","0.674582879918","0.818039582188","0.901327981849","0.742242096814"
"2272482","524180","528180","2009-08-29","0.502707370231","0.761254934876","0.508622832619","0.782224548555","0.435716965974"
"2272483","524180","528180","2009-09-03","0.424781969487","0.284788710123","0.150923415043","0.349896986782","0.0134107141309"
"2272484","524180","528180","2009-09-08","0.372092230276","0.634788123413","0.545251383527","0.828698113627","0.385256113286"
"2272485","524180","528180","2009-09-13","0.507724993885","0.713395467892","0.328898130934","0.707229844946","0.138843135701"
"2272486","524180","528180","2009-09-18","0.431343036383","0.31223757448","0.033416952091","0.0127219628162","0.036030762999"
"2272487","524180","528180","2009-09-23","0.349716717804","0.290696820655","0.120229893779","0.148894489147","0.219533642648"
"2272488","524180","528180","2009-09-28","0.666189427955","0.25721389745","0.251370794498","0.274939626515","0.56727956933"
"2272489","524180","528180","2009-10-03","0.410142096957","0.0985187210655","0.123393817701","0.118454211449","0.412593420137"
"2272490","524180","528180","2009-10-08","0.307535573613","0.0822020027159","0.299474345881","0.530968641306","0.465862786958"
"2272491","524180","528180","2009-10-13","0.442271330791","0.775137256073","0.932722592153","0.874417368296","0.896799492738"
"2272492","524180","528180","2009-10-18","0.264247539519","0.326961906234","0.277215887715","0.25964077255","0.414667738951"
"2272493","524180","528180","2009-10-23","0.08489551497","0.138195075762","0.114126114305","0.132186187091","0.285309307806"
"2272494","524180","528180","2009-10-28","0.075107623183","0.0881178596653","0.0769687582023","0.0653187847482","0.0610188672941"
"2272495","524180","528180","2009-11-02","0.130452471462","0.0512896327477","0.0322845076487","0.126052505569","0.199270891296"
"2272496","524180","528180","2009-11-07","0.349173800995","0.048383019958","0.0547900930118","0.0295240172885","0.0449064087481"
"2272497","524180","528180","2009-11-12","0.76830271268","0.214918037286","0.626166683334","0.497033420848","0.651285573161"
"2272498","524180","528180","2009-11-17","0.0900224929515","0.523524399645","0.4872550051","0.493279992445","0.39612974432"
"2272499","524180","528180","2009-11-22","0.417368284832","0.757610572719","0.754978860023","0.97132279589","0.976105346805"
"2272500","524180","528180","2009-11-27","0.900270560906","0.850685953603","0.789874576952","0.96851891429","0.988368231845"
"2272501","524180","528180","2009-12-02","0.2579816811","0.295311991978","0.561110882452","0.775248573147","0.967454358566"
"2631695","524180","528180","2010-01-01","0.801152824847","0.558544693868","0.284696897063","0.369093674472","0.664687467144"
"2631696","524180","528180","2010-01-06","0.612899428549","0.428024845187","0.539287378052","0.582309787992","0.728444790244"
"2631697","524180","528180","2010-01-11","0.457992876796","0.269169656579","0.356843802788","0.494922935366","0.814956141677"
"2631698","524180","528180","2010-01-16","0.320848532129","0.102257783688","0.259149312424","0.360997313796","0.756418109241"
"2631699","524180","528180","2010-01-21","0.673511540533","0.261598290771","0.401887665262","0.673966364463","0.649532845897"
"2631700","524180","528180","2010-01-26","0.431425538892","0.206419612812","0.295568363925","0.315187105443","0.360822741817"
"2631701","524180","528180","2010-01-31","0.255264173741","0.0489112213174","0.143914683327","0.391481519486","0.307552198862"
"2631702","524180","528180","2010-02-05","0.280002253789","0.148037503292","0.312053487906","0.447548087407","0.105582140131"
"2631703","524180","528180","2010-02-10","0.1355501786","0.102023760704","0.308108387444","0.0181141180638","0.03085065492"
"2631704","524180","528180","2010-02-15","0.0230827734418","0.015821523353","0.0644754293934","0.082071228572","0.250224274898"
"2631705","524180","528180","2010-02-20","0.0495534885736","0.137272302725","0.306417707698","0.272056739289","0.733874182067"
"2631706","524180","528180","2010-02-25","0.270763643487","0.497361648369","0.678451519646","0.878515137901","0.90512020043"
"2631707","524180","528180","2010-03-02","0.364144102489","0.69860663755","0.782692159171","0.856613361593","0.289207402189"
"2631708","524180","528180","2010-03-07","0.257081632912","0.506673085095","0.331851712358","0.619615969189","0.326254408375"
"2631709","524180","528180","2010-03-12","0.207452774393","0.342500998323","0.100169562445","0.461799214943","0.0611300431786"
"2631710","524180","528180","2010-03-17","0.505614736762","0.566528502728","0.335012381663","0.446225883805","0.0396575992454"
"2631711","524180","528180","2010-03-22","0.196218738532","0.119162287654","0.119298159614","0.420486493769","0.254598207778"
"2631712","524180","528180","2010-03-27","0.163545685367","0.228820035486","0.482075184932","0.749355508489","0.268599457056"
"2631713","524180","528180","2010-04-01","0.0485137759762","0.334057514865","0.486050517946","0.563589736204","0.377194695104"
"2631714","524180","528180","2010-04-06","0.0496620508441","0.577460353874","0.393710817033","0.606794654037","0.439482042651"
"2631715","524180","528180","2010-04-11","0.0216363142413","0.0592134978355","0.10445648598","0.255573013281","0.352779696231"
"2631716","524180","528180","2010-04-16","0.0932230163955","0.279830530402","0.457591749689","0.371385933285","0.78070253772"
"2631717","524180","528180","2010-04-21","0.144883743234","0.0699636293905","0.528435100548","0.863057260427","0.467784542095"
"2631718","524180","528180","2010-04-26","0.471035401167","0.290640062108","0.488290787206","0.188681130301","0.0787146270364"
"2631719","524180","528180","2010-05-01","0.338828627096","0.41863451153","0.56913001922","0.655953061313","0.392930513499"
"2631720","524180","528180","2010-05-06","0.92858562582","0.412169013039","0.132893466844","0.0747293728539","0.0477021064475"
"2631721","524180","528180","2010-05-11","0.850845674819","0.391679515511","0.097902091799","0.201821863058","0.32979858465"
"2631722","524180","528180","2010-05-16","0.704614118973","0.525991512547","0.199972324067","0.117272380135","0.50078663459"
"2631723","524180","528180","2010-05-21","0.886090669428","0.521521473699","0.646275178613","0.602140941003","0.909246723276"
"2631724","524180","528180","2010-05-26","0.381095332429","0.903564709943","0.964412275718","0.849842676977","0.670441461516"
"2631725","524180","528180","2010-05-31","0.810946754454","0.791733586823","0.922998531803","0.97998879886","0.982886371907"
"2631726","524180","528180","2010-06-05","0.677893897661","0.850265977744","0.589742012422","0.376308223608","0.384054629794"
"2631727","524180","528180","2010-06-10","0.571554314901","0.622962636007","0.315618028597","0.365004665599","0.179727313593"
"2631728","524180","528180","2010-06-15","0.347150137118","0.568843661679","0.35981041134","0.261426654513","0.253782362277"
"2631729","524180","528180","2010-06-20","0.279364175745","0.441459879864","0.408536080236","0.474049362594","0.537126785624"
"2631730","524180","528180","2010-06-25","0.376287066434","0.429158556985","0.217298101747","0.092594957614","0.359203709387"
"2631731","524180","528180","2010-06-30","0.413962538645","0.392717259461","0.28851821761","0.689995457192","0.606076023146"
"2631732","524180","528180","2010-07-05","0.131184785694","0.122850157744","0.0177310697728","0.0431403586105","0.084897121433"
"2631733","524180","528180","2010-07-10","0.452354818478","0.441611546702","0.539800175254","0.195889111187","0.449969524195"
"2631734","524180","528180","2010-07-15","0.900225301322","0.940951712194","0.96841071167","0.755633946898","0.872658051674"
"2631735","524180","528180","2010-07-20","0.574903915712","0.904414844809","0.903777683943","0.959821087808","0.816085049185"
"2631736","524180","528180","2010-07-25","0.446553750383","0.849967125689","0.919775103533","0.984645462624","0.933061904072"
"2631737","524180","528180","2010-07-30","0.649047402166","0.701934677019","0.542930807609","0.118534890636","0.423453025353"
"2631738","524180","528180","2010-08-04","0.0851394366194","0.129543759459","0.148296922889","0.216661535618","0.494774673855"
"2631739","524180","528180","2010-08-09","0.366957781569","0.794659575773","0.782691812254","0.886514326911","0.878241039507"
"2631740","524180","528180","2010-08-14","0.273486689415","0.277466642329","0.11875438399","0.213580630401","0.618127246298"
"2631741","524180","528180","2010-08-19","0.855040416411","0.0507374459971","0.029170735194","0.0753868536606","0.248907985382"
"2631742","524180","528180","2010-08-24","0.965733012325","0.576083407786","0.0212772550006","0.0140862653311","0.0617891983841"
"2631743","524180","528180","2010-08-29","0.873603021221","0.606413122845","0.0458979452051","0.0292851457666","0.102110921205"
"2631744","524180","528180","2010-09-03","0.889572724808","0.683992714873","0.050617975271","0.0290919281171","0.0960145242583"
"2631745","524180","528180","2010-09-08","0.857202992237","0.86463745544","0.0930178726448","0.0555200378776","0.178312802002"
"2631746","524180","528180","2010-09-13","0.950216147671","0.578562574286","0.105501500514","0.222230427477","0.420599410587"
"2631747","524180","528180","2010-09-18","0.407054062776","0.279485032879","0.271041671723","0.294266151584","0.209775192873"
"2631748","524180","528180","2010-09-23","0.911743084315","0.491608624347","0.368625148128","0.0630762299095","0.0730915054299"
"2631749","524180","528180","2010-09-28","0.106749661379","0.0809470274761","0.0682066437696","0.140534079124","0.328704111484"
"2631750","524180","528180","2010-10-03","0.195833390816","0.114627932481","0.129733001069","0.418101476146","0.660042037719"
"2631751","524180","528180","2010-10-08","0.231878185199","0.0857119055034","0.455134481028","0.498261030461","0.808641717647"
"2631752","524180","528180","2010-10-13","0.778014123882","0.529350107371","0.557732804062","0.809434312412","0.962565854441"
"2631753","524180","528180","2010-10-18","0.743876378898","0.595756187257","0.820446698952","0.731237951177","0.723821489398"
"2631754","524180","528180","2010-10-23","0.4866643206","0.701200974695","0.170193455977","0.2885128057","0.884022930238"
"2631755","524180","528180","2010-10-28","0.85144886239","0.881624980356","0.670930405112","0.207315975088","0.284591880713"
"2631756","524180","528180","2010-11-02","0.685051877762","0.969182936109","0.91808013276","0.34141301506","0.401883768778"
"2631757","524180","528180","2010-11-07","0.577171906666","0.63125916896","0.503489358536","0.11087368716","0.199672559514"
"2631758","524180","528180","2010-11-12","0.158272395606","0.446456830805","0.368911104827","0.430955951974","0.719773884288"
"2631759","524180","528180","2010-11-17","0.463670622907","0.444371049113","0.0182239235106","0.0457417849482","0.0374405338815"
"2631760","524180","528180","2010-11-22","0.161368901367","0.0769411586539","0.000101146608708","0.000400748322505","0.00204924622498"
"2631761","524180","528180","2010-11-27","0.356101951886","0.0464373765878","0.000369027022683","0.00117434846626","0.00613025270909"
"2631762","524180","528180","2010-12-02","0.284777750623","0.0189590155763","0.000643584053357","0.0049020109561","0.0231003246848"
"3016827","524180","528180","2011-01-01","0.564356187567","0.613874021034","0.117565096631","0.135842199394","0.370653465948"
"3016828","524180","528180","2011-01-06","0.220523896684","0.129635060913","0.315391266346","0.0984246813498","0.0809715509011"
"3016829","524180","528180","2011-01-11","0.509662376198","0.375194875532","0.46906547922","0.49538152686","0.441278915759"
"3016830","524180","528180","2011-01-16","0.378198036634","0.559960945679","0.786091348929","0.504115998856","0.619669904442"
"3016831","524180","528180","2011-01-21","0.600133285205","0.99236968452","0.999250755217","0.948504876626","0.97289862258"
"3016832","524180","528180","2011-01-26","0.933049578692","0.755614574674","0.980008690532","0.986729052749","0.946305206767"
"3016833","524180","528180","2011-01-31","0.601769152823","0.821074122582","0.933707775945","0.822518615082","0.911587178454"
"3016834","524180","528180","2011-02-05","0.822529198111","0.687546778188","0.924309500838","0.857871374958","0.627448092563"
"3016835","524180","528180","2011-02-10","0.422893827957","0.493678749101","0.724682252036","0.734071988541","0.683821018826"
"3016836","524180","528180","2011-02-15","0.00819995138139","0.00548777258082","0.0502958518612","0.0967006485001","0.147246932755"
"3016837","524180","528180","2011-02-20","0.0164129784394","0.00360806034129","0.0405106167519","0.0253248564428","0.0308263549061"
"3016838","524180","528180","2011-02-25","0.0142043387673","0.00130876830868","0.0393171637863","0.120974862515","0.00451665932107"
"3016839","524180","528180","2011-03-02","0.0548217658689","0.00293387524071","0.0323221043848","0.104154807375","0.0722676320578"
"3016840","524180","528180","2011-03-07","0.0327674794278","0.0261404480964","0.13664522394","0.156343254304","0.216748427501"
"3016841","524180","528180","2011-03-12","0.025449199017","0.134484016472","0.242399376679","0.555695085608","0.762776541359"
"3016842","524180","528180","2011-03-17","0.507348041744","0.709062407051","0.976126376561","0.530748394138","0.511935575731"
"3016843","524180","528180","2011-03-22","0.808875469471","0.874126501545","0.976057243007","0.947717419553","0.36814160105"
"3016844","524180","528180","2011-03-27","0.429837424663","0.459444908272","0.766732889166","0.80275816334","0.616308264804"
"3016845","524180","528180","2011-04-01","0.210568384277","0.224821203774","0.207547069799","0.296960743368","0.359591594857"
"3016846","524180","528180","2011-04-06","0.134066754481","0.191513342745","0.289827087214","0.0795651443663","0.309079817413"
"3016847","524180","528180","2011-04-11","0.166262479313","0.280581583858","0.306852661571","0.199448504464","0.356525203535"
"3016848","524180","528180","2011-04-16","0.111546278425","0.340352727289","0.27578820489","0.170644544196","0.36264778198"
"3016849","524180","528180","2011-04-21","0.135464991207","0.323144667227","0.181400178424","0.216891252899","0.339352242394"
"3016850","524180","528180","2011-04-26","0.222600717999","0.443449151539","0.317660240679","0.226962252794","0.287676139494"
"3016851","524180","528180","2011-05-01","0.13354929695","0.614435644752","0.669123182683","0.518657745729","0.588865103638"
"3016852","524180","528180","2011-05-06","0.864239659454","0.836720516473","0.848328445712","0.873932106139","0.839281975578"
"3016853","524180","528180","2011-05-11","0.912139694782","0.790432930049","0.891853155593","0.800122867738","0.946005565977"
"3016854","524180","528180","2011-05-16","0.518804667424","0.758548486704","0.83677699423","0.881280619113","0.969091187005"
"3016855","524180","528180","2011-05-21","0.517656580722","0.537135696518","0.250730068732","0.315773651694","0.0592382916987"
"3016856","524180","528180","2011-05-26","0.722318037288","0.6066864081","0.658592351309","0.772432558508","0.396041810623"
"3016857","524180","528180","2011-05-31","0.90021875484","0.65418771091","0.409469797667","0.825753466235","0.647076779213"
"3016858","524180","528180","2011-06-05","0.626963307628","0.577645310469","0.829487423794","0.915079050073","0.842659544282"
"3016859","524180","528180","2011-06-10","0.620393439547","0.346166735509","0.835412110288","0.64237701398","0.561149908171"
"3016860","524180","528180","2011-06-15","0.306375860245","0.264568602917","0.565875425097","0.640721202775","0.846236455695"
"3016861","524180","528180","2011-06-20","0.406515651498","0.490472779347","0.570847458013","0.763467657143","0.660972476115"
"3016862","524180","528180","2011-06-25","0.837278528284","0.568207079246","0.17994345718","0.212855921294","0.216904012731"
"3016863","524180","528180","2011-06-30","0.0436742548947","0.0411024416189","0.1177422662","0.0058615108937","0.0822943966127"
"3016864","524180","528180","2011-07-05","0.0763857577092","0.0567464822483","0.0832260033657","0.0909268243954","0.608499575803"
"3016865","524180","528180","2011-07-10","0.377057168814","0.103306634792","0.165348773855","0.15829379245","0.581082880134"
"3016866","524180","528180","2011-07-15","0.668006892123","0.336359843004","0.339044738393","0.220344070424","0.738460966289"
"3016867","524180","528180","2011-07-20","0.799527462004","0.611711513245","0.572454971199","0.660549503923","0.875586612765"
"3016868","524180","528180","2011-07-25","0.893777693575","0.66693979616","0.826738197893","0.36428723559","0.800751637091"
"3016869","524180","528180","2011-07-30","0.161462790611","0.371395746594","0.885330185246","0.477100222093","0.841841889853"
"3016870","524180","528180","2011-08-04","0.641094359262","0.872040898884","0.823570036974","0.837271447944","0.88545417568"
"3016871","524180","528180","2011-08-09","0.763407691057","0.627474530931","0.584892564525","0.659807582885","0.555087884963"
"3016872","524180","528180","2011-08-14","0.871169367228","0.914812670671","0.983096060374","0.881060143397","0.889762278579"
"3016873","524180","528180","2011-08-19","0.43062375031","0.870579789411","0.781794456332","0.609508141312","0.477065658655"
"3016874","524180","528180","2011-08-24","0.400338715854","0.428103706664","0.807167231675","0.672158355689","0.449683859301"
"3016875","524180","528180","2011-08-29","0.274724387296","0.234697202397","0.475140382832","0.341021857569","0.393306345081"
"3016876","524180","528180","2011-09-03","0.494199037026","0.452443289262","0.879575470896","0.705492218003","0.646510136391"
"3016877","524180","528180","2011-09-08","0.567735568635","0.69049192722","0.849269121042","0.994806305982","0.640803370715"
"3016878","524180","528180","2011-09-13","0.88992982412","0.844384199868","0.473749712487","0.486747770155","0.438206559158"
"3016879","524180","528180","2011-09-18","0.899611029213","0.783582712182","0.660534991069","0.534502983338","0.689718113667"
"3016880","524180","528180","2011-09-23","0.63767945355","0.376354869649","0.370194394324","0.456982149264","0.337157617196"
"3016881","524180","528180","2011-09-28","0.551073817989","0.590611820781","0.326859797573","0.5260979865","0.148501105268"
"3016882","524180","528180","2011-10-03","0.849728388468","0.258450307177","0.160844390491","0.181380663068","0.226577646367"
"3016883","524180","528180","2011-10-08","0.626632307156","0.722037126436","0.674580099117","0.0484179875165","0.0805675688902"
"3016884","524180","528180","2011-10-13","0.827931825323","0.454007432215","0.343741704283","0.0472978856964","0.0906347895534"
"3016885","524180","528180","2011-10-18","0.839790236534","0.766371832239","0.113713685239","0.199079548778","0.368151094335"
"3016886","524180","528180","2011-10-23","0.529883381566","0.585980947925","0.0964461005006","0.158512517135","0.61155247439"
"3016887","524180","528180","2011-10-28","0.98953780708","0.675956255133","0.583299698012","0.221187900619","0.306287752221"
"3016888","524180","528180","2011-11-02","0.837754869326","0.168550639525","0.135815962453","0.236719516621","0.17952469112"
"3016889","524180","528180","2011-11-07","0.308329545372","0.0745641608303","0.105843159839","0.0454083797715","0.059638875265"
"3016890","524180","528180","2011-11-12","0.284770647628","0.526340645755","0.266957033005","0.160839390979","0.476482320041"
"3016891","524180","528180","2011-11-17","0.380113691742","0.907659978481","0.65388140189","0.363001093352","0.534908761308"
"3016892","524180","528180","2011-11-22","0.404180215635","0.992941595419","0.344983943405","0.358931425806","0.698787604133"
"3016893","524180","528180","2011-11-27","0.56941775274","0.97865304897","0.451517194683","0.31154228821","0.518580002218"
"3016894","524180","528180","2011-12-02","0.437316454657","0.937413615349","0.517524675078","0.906304756127","0.950092999772"
"3391817","524180","528180","2012-01-01","0.542629928035","0.612065272397","0.600727058194","0.177696703642","0.294680387905"
"3391818","524180","528180","2012-01-06","0.831201278657","0.921915948929","0.533969291518","0.105650196303","0.145044407153"
"3391819","524180","528180","2012-01-11","0.712060079226","0.866178436281","0.857701550171","0.587721529425","0.894847681201"
"3391820","524180","528180","2012-01-16","0.871802249417","0.558456315561","0.892668633784","0.890839554104","0.717466877278"
"3391821","524180","528180","2012-01-21","0.87858454894","0.914368570098","0.771617812057","0.805027801022","0.274153109121"
"3391822","524180","528180","2012-01-26","0.118223499111","0.142276908072","0.267349535355","0.150070661969","0.339102790476"
"3391823","524180","528180","2012-01-31","0.108832923525","0.277069247807","0.327645962088","0.334291663414","0.44982700045"
"3391824","524180","528180","2012-02-05","0.259992782343","0.350742749269","0.154945804773","0.459617912342","0.173497993521"
"3391825","524180","528180","2012-02-10","0.199693651417","0.451219438311","0.436030231524","0.297901501011","0.0434854399091"
"3391826","524180","528180","2012-02-15","0.143063654368","0.269420271418","0.457067173658","0.638269219941","0.211470403565"
"3391827","524180","528180","2012-02-20","0.156164962634","0.444421058641","0.591013625454","0.697373332838","0.0756014270447"
"3391828","524180","528180","2012-02-25","0.212238997746","0.264309914863","0.703175425918","0.638301082972","0.216159176219"
"3391829","524180","528180","2012-03-01","0.192863124284","0.224998941273","0.60384187176","0.543812626014","0.439873945854"
"3391830","524180","528180","2012-03-06","0.177716760178","0.270707596668","0.3868555598","0.543795256569","0.470062017763"
"3391831","524180","528180","2012-03-11","0.207633177022","0.254446766949","0.43523527006","0.234688587664","0.332137669431"
"3391832","524180","528180","2012-03-16","0.0753400068501","0.229326015325","0.418962343961","0.585567795688","0.761234122052"
"3391833","524180","528180","2012-03-21","0.287678702787","0.523695710433","0.569726326088","0.189671057301","0.11451854754"
"3391834","524180","528180","2012-03-26","0.067873374081","0.199301154402","0.361345477525","0.0137727406522","0.0437080145483"
"3391835","524180","528180","2012-03-31","0.00345196644304","0.0299889917139","0.017721778974","0.00482378676057","0.061622125031"
"3391836","524180","528180","2012-04-05","0.0030088601823","0.0242753925364","0.0365573873989","0.00294971906997","0.0262892545489"
"3391837","524180","528180","2012-04-10","0.0395884934897","0.142267543475","0.245905078679","0.0276547429778","0.106554426281"
"3391838","524180","528180","2012-04-15","0.601490779562","0.759517613484","0.953963004171","0.346791631594","0.603443718154"
"3391839","524180","528180","2012-04-20","0.459413725814","0.860902692547","0.936873252149","0.776664833695","0.324420380277"
"3391840","524180","528180","2012-04-25","0.224270775335","0.176512880153","0.632600166803","0.619571028181","0.526520375303"
"3391841","524180","528180","2012-04-30","0.293368249257","0.0771953061748","0.63635292828","0.704613390342","0.725624155196"
"3391842","524180","528180","2012-05-05","0.0880891174479","0.148911893583","0.742528393433","0.694792968242","0.6599411277"
"3391843","524180","528180","2012-05-10","0.742816130415","0.463898504469","0.795980141927","0.974197224315","0.884898290311"
"3391844","524180","528180","2012-05-15","0.364546678098","0.810069389596","0.988034770118","0.644873410266","0.41027088287"
"3391845","524180","528180","2012-05-20","0.964248393188","0.720376237639","0.88616963683","0.84073413827","0.408599932123"
"3391846","524180","528180","2012-05-25","0.780717966153","0.758202282616","0.740426343467","0.746489364505","0.731113218929"
"3391847","524180","528180","2012-05-30","0.656997831722","0.718179116865","0.744810013455","0.473439923391","0.56606827609"
"3391848","524180","528180","2012-06-04","0.553198545623","0.652501037946","0.667828467869","0.386531901242","0.440722382638"
"3391849","524180","528180","2012-06-09","0.896331309819","0.412956629842","0.562616567408","0.793136055009","0.733608814855"
"3391850","524180","528180","2012-06-14","0.513815246806","0.245242934904","0.0557961475469","0.160706409493","0.18997438522"
"3391851","524180","528180","2012-06-19","0.4569251828","0.21011220462","0.057890175771","0.158348923492","0.228924871439"
"3391852","524180","528180","2012-06-24","0.548632521268","0.391753687361","0.0141218294912","0.107285945877","0.196055764815"
"3391853","524180","528180","2012-06-29","0.552587321309","0.840608529941","0.445469076024","0.585784542209","0.732925376517"
"3391854","524180","528180","2012-07-04","0.413241553029","0.979265107264","0.838556146876","0.931418055572","0.632873670359"
"3391855","524180","528180","2012-07-09","0.729119614534","0.570259897931","0.889458037002","0.779642658157","0.19017030486"
"3391856","524180","528180","2012-07-14","0.496514334324","0.7108454106","0.873672900945","0.872737577732","0.540554722791"
"3391857","524180","528180","2012-07-19","0.743278015817","0.760115971516","0.722292482866","0.719601567487","0.527719849034"
"3391858","524180","528180","2012-07-24","0.452212378048","0.60765844577","0.760516335927","0.394239571788","0.671818114924"
"3391859","524180","528180","2012-07-29","0.600562259757","0.629728475296","0.331052323419","0.456400391055","0.563646558866"
"3391860","524180","528180","2012-08-03","0.344638657447","0.362115035362","0.377988726042","0.517707352863","0.753773166895"
"3391861","524180","528180","2012-08-08","0.225053487802","0.456827640378","0.37059354394","0.567354194564","0.679427492337"
"3391862","524180","528180","2012-08-13","0.0941810615608","0.225932021685","0.397107309176","0.699067982244","0.822025891739"
"3391863","524180","528180","2012-08-18","0.127809848811","0.226305211908","0.456183920556","0.797949042174","0.857037695294"
"3391864","524180","528180","2012-08-23","0.13031340713","0.0297194868334","0.0369435280074","0.0337495757976","0.118925397451"
"3391865","524180","528180","2012-08-28","0.00794402809144","0.0475151363005","0.357874427316","0.517806975739","0.03609178381"
"3391866","524180","528180","2012-09-02","0.125992389654","0.0323903466912","0.381818875403","0.514825456502","0.100664864118"
"3391867","524180","528180","2012-09-07","0.533879929294","0.0250069914438","0.215678724337","0.193937662413","0.0291099882609"
"3391868","524180","528180","2012-09-12","0.914157142174","0.0987797147572","0.471075356932","0.19210721469","0.0208319598996"
"3391869","524180","528180","2012-09-17","0.585632757551","0.143937725008","0.591508780883","0.727276016333","0.385973021431"
"3391870","524180","528180","2012-09-22","0.7295149009","0.570945118052","0.882945727036","0.67952007779","0.545975478714"
"3391871","524180","528180","2012-09-27","0.846048046898","0.973118556884","0.930715816202","0.619351525029","0.961667547364"
"3391872","524180","528180","2012-10-02","0.623437887191","0.704771884846","0.333578944981","0.634802373861","0.761115336276"
"3391873","524180","528180","2012-10-07","0.630037581924","0.569047571838","0.605321321779","0.778062091102","0.921762565922"
"3391874","524180","528180","2012-10-12","0.270698647919","0.285277075136","0.266652071618","0.304402578057","0.481120342086"
"3391875","524180","528180","2012-10-17","0.0524305438147","0.147293809724","0.117247356344","0.150193217085","0.408045937983"
"3391876","524180","528180","2012-10-22","0.121513874781","0.168507872611","0.0848209721752","0.0873428068431","0.204773251505"
"3391877","524180","528180","2012-10-27","0.0291645672891","0.0637566460084","0.0965555572062","0.176565794886","0.279954991174"
"3391878","524180","528180","2012-11-01","0.155739218779","0.584556746259","0.920338634318","0.826352336553","0.919049285514"
"3391879","524180","528180","2012-11-06","0.469495691643","0.892951031318","0.939326254051","0.912736643587","0.974822825152"
"3391880","524180","528180","2012-11-11","0.46429984959","0.942879159076","0.999903149305","0.977626871094","0.895261005393"
"3391881","524180","528180","2012-11-16","0.74103921846","0.998473565708","0.99996779846","0.997992550752","0.907633806989"
"3391882","524180","528180","2012-11-21","0.464302495404","0.722870112678","0.767780697965","0.813243742057","0.943225299275"
"3391883","524180","528180","2012-11-26","0.523343119131","0.857940038522","0.548907933004","0.477153373339","0.317976420385"
"3391884","524180","528180","2012-12-01","0.35212464275","0.736582213855","0.154204610861","0.100031034783","0.192311274078"
