"138534","540120","542730","2003-01-01","0.000977339796161","0.00347071981356","0.0244156099357","0.0406819153267","0.031763010776"
"138535","540120","542730","2003-01-06","0.000217918172048","0.000890485815605","0.0132521299059","0.0504143960574","0.0267869674385"
"138536","540120","542730","2003-01-11","0.000465962216505","0.00100118028676","0.0272751208205","0.12545978778","0.107322681074"
"138537","540120","542730","2003-01-16","0.0767311874786","0.0998266666734","0.164551036157","0.018316906097","0.086359938295"
"138538","540120","542730","2003-01-21","0.0302642903244","0.0643675716289","0.0122000071962","0.00631718800047","0.0723404332625"
"138539","540120","542730","2003-01-26","0.0193558710635","0.00436660395892","0.0114703203363","0.0144821502075","0.035503474779"
"138540","540120","542730","2003-01-31","0.00502049886242","0.0043536471764","0.00117746910282","0.0021375358169","0.0128373428581"
"138541","540120","542730","2003-02-05","0.0525461512727","0.0556791998622","0.0826937530135","0.185130880753","0.0152074948998"
"138542","540120","542730","2003-02-10","0.00510763670278","0.0247451606576","0.00626810347393","0.096045377685","0.0220189434079"
"138543","540120","542730","2003-02-15","0.0208274917459","0.080875235696","0.0720446693908","0.370448916903","0.305651401051"
"138544","540120","542730","2003-02-20","0.0432231459269","0.0681807352845","0.0528142224079","0.326195286444","0.63798198717"
"138545","540120","542730","2003-02-25","0.0454105164789","0.0484706654474","0.0588807666589","0.341314311682","0.630089591532"
"138546","540120","542730","2003-03-02","0.0740843714632","0.00427390286613","0.0321723414493","0.00111579715515","0.00330409790828"
"138547","540120","542730","2003-03-07","0.0371906664504","0.0003884903086","0.00197463408332","0.00252690184992","0.00886828757811"
"138548","540120","542730","2003-03-12","0.0000248351856403","0.0000000328210855212","0.00000196402358062","0.000117652799001","0.000018212093641"
"138549","540120","542730","2003-03-17","0.0000086713698771","0.00000163220544411","0.0000239456030282","0.000700418698041","0.00373198958854"
"138550","540120","542730","2003-03-22","0.000000511173659908","0.000000802597288321","0.00000888297906138","0.000132531509631","0.00133133252739"
"138551","540120","542730","2003-03-27","0.00000563577159911","0.00000671893667757","0.000000171675050967","0.00000754383124242","0.000136760755359"
"138552","540120","542730","2003-04-01","0.00051214178219","0.00100046271737","0.0000183400899939","0.000310670420547","0.00240420883114"
"138553","540120","542730","2003-04-06","0.000442092046389","0.000113898564398","0.000167716588055","0.00376489645604","0.0246790325789"
"138554","540120","542730","2003-04-11","0.00233563702764","0.00027784391612","0.000239661857812","0.0017294575432","0.0111442671849"
"138555","540120","542730","2003-04-16","0.0285171511669","0.00579753785966","0.00696016408971","0.0212317816464","0.0444071937406"
"138556","540120","542730","2003-04-21","0.0694791734985","0.0110048329531","0.0248144582963","0.0602961648726","0.133960838215"
"138557","540120","542730","2003-04-26","0.023347489264","0.00151236258523","0.00717531102354","0.209615290717","0.275431761172"
"138558","540120","542730","2003-05-01","0.0057722492176","0.0292541088572","0.0458201808385","0.0380316617224","0.0446630672564"
"138559","540120","542730","2003-05-06","0.00844307689827","0.124009985611","0.132329378093","0.110832280984","0.064234863147"
"138560","540120","542730","2003-05-11","0.0165441413381","0.0393527015779","0.0785143325645","0.204587536314","0.0628277193296"
"138561","540120","542730","2003-05-16","0.0057986299326","0.0458915757511","0.0772004379806","0.235862544221","0.167848838504"
"138562","540120","542730","2003-05-21","0.00486938471599","0.054447457948","0.19280361066","0.644658842912","0.8699978285"
"138563","540120","542730","2003-05-26","0.0587289993608","0.67330726265","0.49253242114","0.563621755991","0.491611917668"
"138564","540120","542730","2003-06-30","0.676838156266","0.561045800207","0.0838359695682","0.207762465339","0.372049493138"
"138565","540120","542730","2003-07-05","0.451162861054","0.410867999393","0.0449621031147","0.110625559466","0.213145314631"
"138566","540120","542730","2003-07-10","0.117081076992","0.261399394314","0.00188654823115","0.00708134559442","0.00562362731639"
"138567","540120","542730","2003-07-15","0.0541147241382","0.171422862571","0.0136227704162","0.0388663242101","0.199158883336"
"138568","540120","542730","2003-07-20","0.0179761581022","0.0900703398724","0.0530679823298","0.145026768757","0.0941053846243"
"138569","540120","542730","2003-07-25","0.000399453186662","0.00295360717845","0.0138095504692","0.0281009898874","0.0204082018312"
"138570","540120","542730","2003-07-30","0.0000958580332207","0.00193905248047","0.00169270653173","0.0020000460682","0.0301130966796"
"138571","540120","542730","2003-08-04","0.000124102222438","0.00252931802258","0.00127661455091","0.00243779706038","0.0117625916223"
"138572","540120","542730","2003-08-09","0.0000951537016765","0.00104495052303","0.00082418749876","0.00216633288446","0.00317019270446"
"138573","540120","542730","2003-08-14","0.0007700644819","0.0100380386621","0.000688618284516","0.00407776290283","0.0138988750547"
"138574","540120","542730","2003-08-19","0.000000785697005264","0.0000598341613246","0.000000940534576976","0.00000790696639321","0.0000720969010092"
"138575","540120","542730","2003-08-24","0.000000375983605265","0.0000358734572155","0.0000191442207291","0.000201814547982","0.000192942359743"
"138576","540120","542730","2003-08-29","0.0000126173502991","0.000227479519598","0.000503594579303","0.000739793983745","0.00225796790744"
"138577","540120","542730","2003-09-03","0.0000285397579507","0.00109426871124","0.00327050010336","0.0170822974739","0.0538813199874"
"138578","540120","542730","2003-09-08","0.000218645184809","0.000591189899594","0.00409484138351","0.00426817563683","0.125374292038"
"138579","540120","542730","2003-09-13","0.00764959595571","0.0234100085152","0.0304771620132","0.00526299510083","0.026303178161"
"138580","540120","542730","2003-09-18","0.00727654796946","0.00654416759109","0.0305050932434","0.000737558395225","0.00440736760244"
"138581","540120","542730","2003-09-23","0.0000919336460024","0.000144908558005","0.000674561297813","0.0000103565302292","0.000252199820656"
"138582","540120","542730","2003-09-28","0.0000147718354926","0.000045168094111","0.000290187492044","0.00000537178037208","0.0000169788601466"
"138583","540120","542730","2003-10-03","0.000000132106916894","0.00000475652523217","0.0000267513383252","0.0000144735106998","0.0000837468831721"
"138584","540120","542730","2003-10-08","0.0000000261616257783","0.00000370394480178","0.0000232267110418","0.0000184571486066","0.000512251060055"
"138585","540120","542730","2003-10-13","0.00000001025220888","0.0000010655893685","0.0000175732627653","0.0000619057644611","0.000951527187281"
"138586","540120","542730","2003-11-17","0.000000145865111022","0.000000743446745823","0.000392719806237","0.00884502135369","0.0774317272547"
"138587","540120","542730","2003-11-22","0.000000570597741854","0.0000314938047164","0.00110677214772","0.0196183746809","0.140473260375"
"138588","540120","542730","2003-11-27","0.0000440973198344","0.00537292105912","0.000869229420897","0.00300300245971","0.0195344925283"
"138589","540120","542730","2003-12-02","0.0000553083669948","0.00473444082764","0.00157670530161","0.000434148498263","0.00694886689804"
"492205","540120","542730","2004-01-01","0.0000300597619852","0.000287660944514","0.00171762546294","0.00522701733238","0.0260118402111"
"492206","540120","542730","2004-01-06","0.0000244132537816","0.000334048890077","0.00678078229914","0.0118479477887","0.0198858651516"
"492207","540120","542730","2004-01-11","0.0172680528453","0.0174973417402","0.0922531140512","0.0458429076235","0.0600995411001"
"492208","540120","542730","2004-01-16","0.000440570578195","0.017533164763","0.104922812633","0.113961147954","0.299373773496"
"492209","540120","542730","2004-01-21","0.00239371478949","0.0203294931926","0.0568345180087","0.0623039212122","0.133407175505"
"492210","540120","542730","2004-01-26","0.000160532748336","0.00221604574412","0.00451651780217","0.0116770997658","0.019704888126"
"492211","540120","542730","2004-01-31","0.0000811226457703","0.00812218732304","0.0229627626755","0.0242986828321","0.0140640564842"
"492212","540120","542730","2004-02-05","0.000105826283671","0.00143866483537","0.0016913724321","0.0138937704589","0.0146766737906"
"492213","540120","542730","2004-02-10","0.000320975227463","0.00072054410859","0.00504295002084","0.013506382903","0.0286558863333"
"492214","540120","542730","2004-02-15","0.00312996319392","0.0180306732383","0.0108733458195","0.024405202542","0.059577122179"
"492215","540120","542730","2004-02-20","0.000713835820315","0.0034430348493","0.00148443293667","0.00838846572663","0.0134845002108"
"492216","540120","542730","2004-02-25","0.00289913358162","0.000256074957921","0.0000422786478424","0.0014048741279","0.0190618830654"
"492217","540120","542730","2004-03-01","0.00195594601271","0.0000943418396011","0.0000273383449413","0.000586093775174","0.020772610261"
"492218","540120","542730","2004-03-06","0.00384314696707","0.000263394914736","0.000296488670055","0.00355616512037","0.00839131163755"
"492219","540120","542730","2004-03-11","0.000455420641579","0.0000103346870589","0.000135564264631","0.000790943916953","0.00129651817454"
"492220","540120","542730","2004-03-16","0.00139228960339","0.0000611970039285","0.000371131509089","0.00113652058897","0.00402420377026"
"492221","540120","542730","2004-03-21","0.000000293335182999","0.0000105655927312","0.000140116443818","0.00019332947911","0.000453801426015"
"492222","540120","542730","2004-03-26","0.00047117196166","0.000911685493462","0.0141396353067","0.00889124502169","0.00897935207534"
"492223","540120","542730","2004-03-31","0.000384999203558","0.000865400203432","0.0146043248915","0.0222581712016","0.0578161869677"
"492224","540120","542730","2004-04-05","0.000282302059038","0.00284455338522","0.0246517386636","0.0450509285646","0.148222703072"
"492225","540120","542730","2004-04-10","0.0000248728234289","0.00290007783166","0.031490721764","0.218229647869","0.372789736008"
"492226","540120","542730","2004-05-20","0.0394142724974","0.0700730337099","0.046432750088","0.13468727423","0.0390560816605"
"492227","540120","542730","2004-05-25","0.0674408686427","0.110364606565","0.0244574311606","0.113474838036","0.111114242284"
"492228","540120","542730","2004-05-30","0.0108344521858","0.0441611151798","0.0983124282272","0.440225856903","0.213072287154"
"492229","540120","542730","2004-06-04","0.0303601748882","0.113827191832","0.0416811318841","0.00301440252982","0.0325263654683"
"492230","540120","542730","2004-06-09","0.0225287204962","0.0518430901547","0.0184329414996","0.0217692201387","0.0318958603747"
"492231","540120","542730","2004-06-14","0.0210611691239","0.030409797606","0.0590598203405","0.0364965827456","0.121988779843"
"492232","540120","542730","2004-06-19","0.0701589817462","0.0420860454081","0.0849221732306","0.0829498694621","0.258725345804"
"492233","540120","542730","2004-06-24","0.088492468212","0.0962890904473","0.268697388129","0.51046138406","0.727824975589"
"492234","540120","542730","2004-06-29","0.124189134691","0.330873628157","0.384844042381","0.360936801833","0.667605830775"
"492235","540120","542730","2004-07-04","0.00859396587709","0.0742479800353","0.196263127278","0.0349110105568","0.0813547916694"
"492236","540120","542730","2004-07-09","0.00191874827544","0.024082678236","0.139314037656","0.0102032929856","0.0683129265889"
"492237","540120","542730","2004-07-14","0.00124348335326","0.00282452107555","0.0199853771273","0.00367647664127","0.00517479454421"
"492238","540120","542730","2004-07-19","0.00115821837871","0.000184333757657","0.0035598868518","0.00329296022001","0.023641680357"
"492239","540120","542730","2004-07-24","0.00214918730245","0.000814346139284","0.00263218362719","0.00289819641003","0.0135674858769"
"492240","540120","542730","2004-07-29","0.0139646426566","0.000874619205191","0.00519197847133","0.0109920095859","0.0934646442681"
"492241","540120","542730","2004-08-03","0.0077013862813","0.000433447407222","0.00162413629241","0.00844316897623","0.0336704516968"
"492242","540120","542730","2004-08-08","0.0149325347217","0.00638508771396","0.0297739325375","0.156079900533","0.400191438959"
"492243","540120","542730","2004-08-13","0.000598551123199","0.0393260825012","0.0388208417727","0.0683345517371","0.18470398591"
"492244","540120","542730","2004-09-17","0.0152331891497","0.0170222105888","0.00322436173276","0.00221168225086","0.023675404667"
"492245","540120","542730","2004-09-22","0.0143429817105","0.045427705391","0.00170894361001","0.00120977485612","0.00677714740752"
"492246","540120","542730","2004-09-27","0.00053371735433","0.00764384101661","0.0000035166991596","0.00000700517394491","0.000175985032121"
"492247","540120","542730","2004-10-02","0.000696337807983","0.0446243731972","0.0000103121568789","0.0000873132365092","0.00137824553084"
"492248","540120","542730","2004-10-07","0.000711775328875","0.0229461786913","0.000608858677668","0.00397441460388","0.0221666984558"
"492249","540120","542730","2004-10-12","0.00000419697815054","0.000928042232612","0.00295087721527","0.00213488316685","0.00528926294389"
"492250","540120","542730","2004-10-17","0.00000140689284615","0.000116039088309","0.00032896699436","0.00217780293201","0.00942862930879"
"492251","540120","542730","2004-10-22","0.000000478958940442","0.000165739660177","0.00140010318685","0.00627982924174","0.0036055273121"
"492252","540120","542730","2004-10-27","0.0000118012351887","0.000771660270498","0.00362807856731","0.0108990768282","0.0248299136891"
"492253","540120","542730","2004-11-01","0.000000857662193344","0.0000596912965222","0.00265809074268","0.0224355344288","0.0326521169282"
"492254","540120","542730","2004-11-06","0.0000035973332322","0.0000403912093307","0.000283589758896","0.0024973409592","0.000840739606344"
"492255","540120","542730","2004-11-11","0.00000000464564492977","0.00000419611557923","0.0000545833915885","0.00268451777416","0.000593591615439"
"492256","540120","542730","2004-11-16","0.00000173327565682","0.000714826171858","0.000168226172357","0.0137618910793","0.0246868730818"
"492257","540120","542730","2004-11-21","0.00000165574310727","0.000434430077899","0.00000486478594163","0.000623346256446","0.00288470116293"
"492258","540120","542730","2004-11-26","0.0000126807010554","0.000481431801134","0.000654282050584","0.00171307055305","0.0382792562065"
"492259","540120","542730","2004-12-01","0.0000143895147351","0.00194618033225","0.00558077736189","0.00905596560893","0.0587666397696"
"862693","540120","542730","2005-01-01","0.0000263259525837","0.0000109821143136","0.00029550859896","0.0172546048174","0.00943372591233"
"862694","540120","542730","2005-01-06","0.00131180893684","0.000148561105113","0.00345180691712","0.0890622800895","0.00701952806743"
"862695","540120","542730","2005-01-11","0.000494922083904","0.000212398963558","0.00281244497862","0.0535970276508","0.0548038207944"
"862696","540120","542730","2005-01-16","0.000230006584439","0.0000536839910198","0.000277788985823","0.0129766032619","0.00350618330366"
"862697","540120","542730","2005-01-21","0.0000465266585712","0.00149818240802","0.000865144250229","0.0196100845229","0.0466286732683"
"862698","540120","542730","2005-01-26","0.0049420485182","0.145685711241","0.00499594582654","0.0110327799357","0.00103751128664"
"862699","540120","542730","2005-01-31","0.00388377942991","0.0124997820821","0.000664845932203","0.00627623349666","0.0138580083281"
"862700","540120","542730","2005-02-05","0.000286377694436","0.000273690031359","0.0000327260609468","0.000462558876452","0.000752310794599"
"862701","540120","542730","2005-02-10","0.0000277747776368","0.00035909664174","0.000112267209695","0.0000565906842712","0.000141879131009"
"862702","540120","542730","2005-02-15","0.000000630411069031","0.0000350202664401","0.0000492751010831","0.000115584360264","0.0000246342178172"
"862703","540120","542730","2005-02-20","0.0000000232095010296","0.00000025748963534","0.000000275112872438","0.00000682276666123","0.0000393885259874"
"862704","540120","542730","2005-02-25","0.00000202633360319","0.000000423858337711","0.000000844382425368","0.00000696588331638","0.0000279461048321"
"862705","540120","542730","2005-03-02","0.00000217737080566","0.0000130049082343","0.00000020300818078","0.000017936910573","0.0000378081882872"
"862706","540120","542730","2005-03-07","0.0000393902621334","0.0000242702522225","0.000000118280475607","0.0000151933125132","0.0000578270750682"
"862707","540120","542730","2005-03-12","0.000044026679375","0.000100887331331","0.0000359138470525","0.00322907865991","0.00729660568015"
"862708","540120","542730","2005-03-17","0.0000524687195215","0.000186452924435","0.000118794563538","0.0026699311409","0.00433953450489"
"862709","540120","542730","2005-03-22","0.0000478908990552","0.000277138013909","0.000273700709118","0.00156614887343","0.00405996282672"
"862710","540120","542730","2005-03-27","0.00000921692825709","0.0000445250924087","0.00028213479199","0.00147757215999","0.00236523096123"
"862711","540120","542730","2005-04-01","0.00322514273982","0.00175738349767","0.0018071690608","0.00280889764007","0.0169750150119"
"862712","540120","542730","2005-04-06","0.000792427013043","0.00275227040647","0.000471011511947","0.00138412659452","0.00555096621831"
"862713","540120","542730","2005-04-11","0.0000929050137236","0.00110108378308","0.00021713379788","0.000875473968573","0.00327664116456"
"862714","540120","542730","2005-04-16","0.000220070525506","0.0011230632661","0.000212239435126","0.000739332527055","0.000809300267989"
"862715","540120","542730","2005-04-21","0.00132813860899","0.0421700403149","0.000377259713828","0.00102316577526","0.00125397608761"
"862716","540120","542730","2005-04-26","0.0000364072673376","0.000039203167498","0.0000271920401555","0.00590813769062","0.00511211352356"
"862717","540120","542730","2005-05-01","0.000243971290078","0.000142686258922","0.000196264735168","0.00411631656836","0.0496114299421"
"862718","540120","542730","2005-05-06","0.00986726030523","0.000995525786296","0.00115123945428","0.00419175124361","0.0801020096622"
"862719","540120","542730","2005-05-11","0.00221242343198","0.00008039474301","0.000199246697075","0.00108495670908","0.0243452518708"
"862720","540120","542730","2005-05-16","0.000672089213579","0.0000228307463166","0.000326858462463","0.00374035356861","0.0199332439147"
"862721","540120","542730","2005-05-21","0.000138993774519","0.000197350193804","0.0134984119878","0.0659833010448","0.0682263784836"
"862722","540120","542730","2005-05-26","0.00107655960967","0.00723286323704","0.0249472082185","0.0364128918603","0.116136510276"
"862723","540120","542730","2005-05-31","0.00162751875515","0.0169343487675","0.00979319989139","0.339814448065","0.565568417077"
"862724","540120","542730","2005-06-05","0.552156293864","0.178009892783","0.248478721441","0.614335885342","0.626861006647"
"862725","540120","542730","2005-06-10","0.52320225421","0.160290604544","0.295477207656","0.30732482017","0.0809262255039"
"862726","540120","542730","2005-06-15","0.620876316427","0.276860465983","0.212488834166","0.2119203955","0.318443167636"
"862727","540120","542730","2005-06-20","0.987683445508","0.60893497228","0.848248146097","0.973082135879","0.991592315403"
"862728","540120","542730","2005-06-25","0.242867126132","0.229805536447","0.321747707361","0.292133252215","0.354189147409"
"862729","540120","542730","2005-06-30","0.00994552629823","0.050256911573","0.105468279971","0.585118294255","0.0815181348796"
"862730","540120","542730","2005-07-05","0.0324429722165","0.136708660175","0.029898532623","0.399225400113","0.0544357454428"
"862731","540120","542730","2005-07-10","0.0275376521837","0.0734351066975","0.0101752670319","0.214462158375","0.119984632532"
"862732","540120","542730","2005-07-15","0.00305711793561","0.0328054650655","0.030174820825","0.209859092675","0.0235779685122"
"862733","540120","542730","2005-07-20","0.388582969431","0.00848957343876","0.00802042776312","0.000106205836803","0.00118072911605"
"862734","540120","542730","2005-07-25","0.12403952127","0.000692222237796","0.0000234232753111","0.0000314677218066","0.00105508978165"
"862735","540120","542730","2005-07-30","0.131938287868","0.00121489846014","0.000288750774499","0.000279562027222","0.00167619115709"
"862736","540120","542730","2005-08-04","0.117402406936","0.0530803354023","0.000259468961729","0.00180682683328","0.000213010792781"
"862737","540120","542730","2005-08-09","0.0382292361158","0.0630898804717","0.00417278068578","0.0121577791162","0.0103787135991"
"862738","540120","542730","2005-08-14","0.0314477455471","0.0188650727057","0.00916208675739","0.0533992574845","0.112130793125"
"862739","540120","542730","2005-08-19","0.0000820166791248","0.00339309536284","0.0124121525251","0.0113992244464","0.0145041621153"
"862740","540120","542730","2005-08-24","0.000163725788467","0.00294544421276","0.0170036139503","0.014829273163","0.0590675460084"
"862741","540120","542730","2005-08-29","0.000899520995592","0.0139499657193","0.0180441767415","0.0211331371057","0.0724023067717"
"862742","540120","542730","2005-09-03","0.000582076421625","0.000749523225641","0.00342811770791","0.00217273312871","0.0133671154253"
"862743","540120","542730","2005-09-08","0.0000484766966606","0.000207703762178","0.0000861098200225","0.000645753742622","0.00384950155504"
"862744","540120","542730","2005-09-13","0.0000341261290092","0.0000189652215528","0.000102371891936","0.000135616572613","0.000812327115735"
"862745","540120","542730","2005-09-18","0.00000708302311624","0.0000101066983273","0.000137548940327","0.000517535317547","0.00542137438148"
"862746","540120","542730","2005-09-23","0.0000507382009661","0.0000254295315295","0.000388055981909","0.00249144275085","0.00522412389166"
"862747","540120","542730","2005-09-28","0.00000498589287121","0.000050505265878","0.000165763378491","0.0014704152957","0.00463052465378"
"862748","540120","542730","2005-10-03","0.000177743740567","0.00187460312331","0.00226615889756","0.0110031990887","0.0258804853842"
"862749","540120","542730","2005-10-08","0.000127077892283","0.00183098306871","0.000512525599098","0.00355985557684","0.00165208482323"
"862750","540120","542730","2005-10-13","0.000206889328285","0.00232194784899","0.000205829668296","0.00115491660746","0.000145539614171"
"862751","540120","542730","2005-10-18","0.00070646488517","0.0234802541018","0.000509690378664","0.00177312655023","0.00194434856901"
"862752","540120","542730","2005-10-23","0.00526697928502","0.0593442710324","0.00402085069761","0.00805950905171","0.0409705523692"
"862753","540120","542730","2005-10-28","0.0000622069518575","0.00169983590515","0.00679265567156","0.0107286623871","0.0207152930316"
"862754","540120","542730","2005-11-02","0.0000649238241359","0.000282389747436","0.00457813766056","0.013167335764","0.0618140691725"
"862755","540120","542730","2005-11-07","0.000335208421339","0.00616931570195","0.00281977681042","0.0136388817488","0.046317551644"
"862756","540120","542730","2005-11-12","0.000600791501368","0.00571554623728","0.000182251763046","0.00172965279034","0.010057478863"
"862757","540120","542730","2005-11-17","0.00045574937473","0.0089712911397","0.000228266261558","0.000846978014505","0.0002313577521"
"862758","540120","542730","2005-11-22","0.00153623747637","0.00377464816324","0.00237923877544","0.0416196762105","0.0871016915862"
"862759","540120","542730","2005-11-27","0.139155162069","0.45588830026","0.317114400859","0.582475032563","0.609266724845"
"862760","540120","542730","2005-12-02","0.416388713619","0.844682316605","0.365731453549","0.346865324126","0.529791484758"
"1250097","540120","542730","2006-01-01","0.00681582957051","0.00429975741393","0.0222459827752","0.0402762933255","0.147226444965"
"1250098","540120","542730","2006-01-06","0.00415512113502","0.00294151118605","0.0046873054345","0.000448182150915","0.00654860459062"
"1250099","540120","542730","2006-01-11","0.000144930922167","0.0000963179481132","0.000354489263126","0.000139194271124","0.000279704207466"
"1250100","540120","542730","2006-01-16","0.000252814475252","0.00658128260569","0.0264642387109","0.0572386191898","0.153397950711"
"1250101","540120","542730","2006-01-21","0.000314986509279","0.00395728158296","0.00536209781022","0.031709070807","0.0468794603026"
"1250102","540120","542730","2006-01-26","0.00109251416983","0.00415277901306","0.003000415331","0.026360548565","0.0448455193553"
"1250103","540120","542730","2006-01-31","0.00197893136022","0.0142956186613","0.0163385938167","0.100476380313","0.0690285116125"
"1250104","540120","542730","2006-02-05","0.00656572924965","0.0193070215533","0.0184658843234","0.0746810485064","0.0322564997184"
"1250105","540120","542730","2006-02-10","0.0000260864242284","0.000548694100421","0.000106505388414","0.00223411451827","0.00653545632492"
"1250106","540120","542730","2006-02-15","0.0000286266208311","0.00037867198043","0.000072903513445","0.00132121772388","0.0017383465718"
"1250107","540120","542730","2006-02-20","0.00004774254158","0.0000831978111742","0.0000301516757568","0.000153192283867","0.00101514831403"
"1250108","540120","542730","2006-02-25","0.0000046795279598","0.00005473052484","0.000000194329227847","0.0000147457983489","0.000195956158851"
"1250109","540120","542730","2006-03-02","0.00000814234537532","0.00000400144298821","0.000000735229289166","0.0000123616089982","0.000165519230079"
"1250110","540120","542730","2006-03-07","0.0000709530213092","0.0000483819283823","0.0000144835332886","0.0000469657611809","0.000436633446819"
"1250111","540120","542730","2006-03-12","0.000195080406258","0.00242275758539","0.00699934735031","0.00780877686196","0.0556143658357"
"1250112","540120","542730","2006-03-17","0.00000824619158372","0.000307074480979","0.00210954309099","0.00297850081988","0.00117984661683"
"1250113","540120","542730","2006-03-22","0.00000661184994645","0.00037517842165","0.00269462972491","0.000479202410625","0.0000204219712446"
"1250114","540120","542730","2006-03-27","0.000000165801689982","0.0000448406269423","0.00107358828367","0.000257305826945","0.00184164867271"
"1250115","540120","542730","2006-04-01","0.00000339032192117","0.000828725516648","0.00776027311182","0.00170948751408","0.00120953758745"
"1250116","540120","542730","2006-04-06","0.0000235024887504","0.000666893371745","0.0122906475296","0.0107434350952","0.0236290834454"
"1250117","540120","542730","2006-04-11","0.00105436727863","0.00166585007749","0.00813100969","0.0493149963081","0.138923413004"
"1250118","540120","542730","2006-04-16","0.00274058491195","0.00378639689039","0.00783939562254","0.041343744282","0.093357008139"
"1250119","540120","542730","2006-04-21","0.00330162008318","0.000992895215838","0.0116234787324","0.0230918478335","0.0617982649729"
"1250120","540120","542730","2006-04-26","0.0030114337698","0.000319398989706","0.00765468844987","0.0343171499476","0.16939067391"
"1250121","540120","542730","2006-05-01","0.00676398775159","0.00862377104881","0.173539100176","0.315473356512","0.566101013597"
"1250122","540120","542730","2006-05-06","0.0651878131603","0.108019240517","0.344891131832","0.439402054756","0.583745462536"
"1250123","540120","542730","2006-05-11","0.0377435112592","0.0694172950892","0.603142443339","0.676439832741","0.950596840109"
"1250124","540120","542730","2006-05-16","0.347703144435","0.352886307883","0.701602856886","0.595539600544","0.935051459966"
"1250125","540120","542730","2006-05-21","0.330293128049","0.456509079574","0.65056684092","0.663291605324","0.827337465397"
"1250126","540120","542730","2006-05-26","0.388347069254","0.36518350113","0.524757614384","0.301580013362","0.570229982572"
"1250127","540120","542730","2006-05-31","0.300421544905","0.766493205789","0.570447310113","0.511355527861","0.784689600195"
"1250128","540120","542730","2006-06-05","0.968148358557","0.855511905258","0.745751084205","0.477093978799","0.297400228733"
"1250129","540120","542730","2006-06-10","0.352180161121","0.202475020878","0.808638173308","0.797900709782","0.8708819872"
"1250130","540120","542730","2006-06-15","0.616171561717","0.399303015291","0.64983508214","0.564635337159","0.74127450434"
"1250131","540120","542730","2006-06-20","0.280688515731","0.135788786404","0.57928297429","0.267889608375","0.0449463373812"
"1250132","540120","542730","2006-06-25","0.199428239167","0.0452308812074","0.0886927667864","0.0353875208695","0.00274118941103"
"1250133","540120","542730","2006-06-30","0.156747485972","0.0102805833493","0.012021462782","0.0261961087718","0.0626526173261"
"1250134","540120","542730","2006-07-05","0.224439704551","0.0150859518037","0.0151100490812","0.0323710686822","0.0524978666361"
"1250135","540120","542730","2006-07-10","0.509473775773","0.0973295182832","0.185950931832","0.406546512045","0.201655358085"
"1250136","540120","542730","2006-07-15","0.174571496502","0.261265642321","0.134215633149","0.163059173196","0.0221490054419"
"1250137","540120","542730","2006-07-20","0.318989913828","0.230023568433","0.458939570711","0.352883602037","0.575479249863"
"1250138","540120","542730","2006-07-25","0.776122216558","0.319709122543","0.506214889057","0.523364987243","0.489872478216"
"1250139","540120","542730","2006-07-30","0.594646946754","0.889768815355","0.74727546591","0.372555871263","0.503513827388"
"1250140","540120","542730","2006-08-04","0.572560251885","0.567034957343","0.450460854356","0.0618793520006","0.179073561398"
"1250141","540120","542730","2006-08-09","0.123598480549","0.546432256418","0.259387796195","0.0963320357138","0.217607390932"
"1250142","540120","542730","2006-08-14","0.24195845289","0.967645369201","0.0301745417791","0.0237663174944","0.081551006658"
"1250143","540120","542730","2006-08-19","0.127255496669","0.826428457037","0.0127439858464","0.00726692826979","0.0381671500485"
"1250144","540120","542730","2006-08-24","0.152737810596","0.877679375229","0.00183393709081","0.0066372764652","0.0489768173846"
"1250145","540120","542730","2006-08-29","0.14887973967","0.877442017623","0.00164618279111","0.0100834555846","0.0773452711944"
"1250146","540120","542730","2006-09-03","0.378971809742","0.98830799269","0.0148287141211","0.049637682087","0.212670017255"
"1250147","540120","542730","2006-09-08","0.370292755515","0.768619232588","0.653809687707","0.809473988392","0.998305654304"
"1250148","540120","542730","2006-09-13","0.0409017702854","0.209228727065","0.579290017688","0.520626105359","0.855826989507"
"1250149","540120","542730","2006-09-18","0.0509422278004","0.285049419124","0.510360378472","0.671110117093","0.104994049588"
"1250150","540120","542730","2006-09-23","0.00092673874663","0.10453000453","0.0750389049871","0.503526909855","0.164347394555"
"1250151","540120","542730","2006-09-28","0.0000847378722083","0.0403418451476","0.0485152920318","0.168967504351","0.108751706644"
"1250152","540120","542730","2006-10-03","0.0000686754362047","0.0182816715661","0.0565935676365","0.0884030748975","0.0743414051253"
"1250153","540120","542730","2006-10-08","0.0000410094406781","0.000768281631432","0.00305288970603","0.00683918739656","0.0135084363776"
"1250154","540120","542730","2006-10-13","0.0000000940454053958","0.0000287102846781","0.000386712983577","0.00501989239527","0.00672810868982"
"1250155","540120","542730","2006-10-18","0.0000000201852680197","0.000000157304859153","0.00000907329479429","0.00000926645423547","0.000723389932966"
"1250156","540120","542730","2006-10-23","0.0000000194095964183","0.00000017100813796","0.00000426070203072","0.0000332789483336","0.000306256205632"
"1250157","540120","542730","2006-10-28","0.00000000273934781167","0.000000112584489726","0.0000010473031927","0.0000294313906528","0.000273246259324"
"1250158","540120","542730","2006-11-02","0.0000000477822957886","0.000000305520469971","0.000013968152307","0.000206153781346","0.0000940490880055"
"1250159","540120","542730","2006-11-07","0.0000262375389154","0.00000122079460981","0.0000135081791704","0.000798876318566","0.00356525367378"
"1250160","540120","542730","2006-11-12","0.000518124782343","0.0000146515580069","0.0000415626501631","0.000407883292437","0.00273250294459"
"1250161","540120","542730","2006-11-17","0.000772425404319","0.0000897743702691","0.00103536793229","0.0632599979158","0.183010193005"
"1250162","540120","542730","2006-11-22","0.0071312306698","0.000429685825789","0.00578747646174","0.0278127625794","0.0398169906131"
"1250163","540120","542730","2006-11-27","0.00203315154343","0.000309029169425","0.00704609438929","0.0012041128394","0.000557234171441"
"1250164","540120","542730","2006-12-02","0.003084267187","0.0000656160416086","0.00111441176137","0.00152445789471","0.000916612896049"
"1623155","540120","542730","2007-01-01","0.0233081273638","0.00749651091529","0.0477461911395","0.089693330341","0.116413512413"
"1623156","540120","542730","2007-01-06","0.00126631807391","0.000721025995813","0.0011452795036","0.00316243735969","0.00403195012706"
"1623157","540120","542730","2007-01-11","0.00257059374644","0.000199883269816","0.000297701921203","0.00239682350414","0.00430392142624"
"1623158","540120","542730","2007-01-16","0.000417239529559","0.0000545920261335","0.000352003219807","0.00420281193947","0.000403143509809"
"1623159","540120","542730","2007-01-21","0.000019080047869","0.00000396847156557","0.0000640637877075","0.00029448630414","0.00000271397895513"
"1623160","540120","542730","2007-01-26","0.000000390400251415","0.00000853174851026","0.000189876620338","0.000146569244895","0.00117396240446"
"1623161","540120","542730","2007-01-31","0.00000328838765118","0.00243649658006","0.00238096254829","0.0132928404099","0.126513248013"
"1623162","540120","542730","2007-02-05","0.00000622921375813","0.00373179701423","0.00327207369168","0.0117652886409","0.0538070597146"
"1623163","540120","542730","2007-02-10","0.00000736738816358","0.000159511957961","0.000296974325042","0.00153558050456","0.0156571606727"
"1623164","540120","542730","2007-02-15","0.0000128347032823","0.000215091140986","0.000570528641614","0.00130184180909","0.00340905519078"
"1623165","540120","542730","2007-02-20","0.000137740226015","0.00294616114856","0.0192688489636","0.0175133681022","0.00323128674651"
"1623166","540120","542730","2007-02-25","0.00217010778064","0.00315937350774","0.0050793842736","0.026506422681","0.0414244376083"
"1623167","540120","542730","2007-03-02","0.00222250891108","0.00463993920566","0.0134616935834","0.172477959728","0.165596694914"
"1623168","540120","542730","2007-03-07","0.00327045694698","0.0519743327945","0.0151930449845","0.0748875733682","0.0728110413602"
"1623169","540120","542730","2007-03-12","0.000714934424635","0.00632708501194","0.0032022931157","0.0212156368309","0.00847001080945"
"1623170","540120","542730","2007-03-17","0.00117886473114","0.00172576436895","0.000258935967594","0.000919732085841","0.000251669434654"
"1623171","540120","542730","2007-03-22","0.000408163601848","0.0218541249892","0.00113780266986","0.00272546143005","0.00564655251934"
"1623172","540120","542730","2007-03-27","0.00541946725591","0.0309160414429","0.0155883506091","0.123257849724","0.112865535028"
"1623173","540120","542730","2007-04-01","0.0216821260804","0.0258988451716","0.0743636360005","0.458245953712","0.618584888656"
"1623174","540120","542730","2007-04-06","0.0103351624243","0.00186493332793","0.0128995396283","0.0214931385634","0.0987552811553"
"1623175","540120","542730","2007-04-11","0.000376038627963","0.000130054536727","0.0036258915763","0.0207574403039","0.0674756783507"
"1623176","540120","542730","2007-04-16","0.000410815073948","0.0000741457830227","0.00414753423416","0.0217188263671","0.0265852929233"
"1623177","540120","542730","2007-04-21","0.000119822619409","0.0000221704188949","0.0020797235688","0.0125857254489","0.00666242254993"
"1623178","540120","542730","2007-04-26","0.00024138872247","0.0000116569508556","0.00139335207455","0.0259178478997","0.0176440954084"
"1623179","540120","542730","2007-05-01","0.000957786261141","0.000136890770651","0.0150660228007","0.0649952798235","0.0235771982489"
"1623180","540120","542730","2007-05-06","0.00205741098547","0.00125251271828","0.0107248667221","0.0632310451306","0.0575661281829"
"1623181","540120","542730","2007-05-11","0.0345461030834","0.000136722209768","0.00238772706538","0.0194728141389","0.03186457488"
"1623182","540120","542730","2007-05-16","0.00265037949762","0.000208152203859","0.00381902150665","0.0145815951563","0.0213817275475"
"1623183","540120","542730","2007-05-21","0.00514258181459","0.0000977844020825","0.000376775730467","0.00129000656622","0.00255050752543"
"1623184","540120","542730","2007-05-26","0.0212924265621","0.0000451661986567","0.000615563046911","0.00328666452834","0.017555942783"
"1623185","540120","542730","2007-05-31","0.0298542660184","0.0638881132264","0.0414005576783","0.0722215345886","0.207787802349"
"1623186","540120","542730","2007-06-05","0.0457628132247","0.102526648714","0.030966345564","0.0968953540493","0.182582747574"
"1623187","540120","542730","2007-06-10","0.0546392826474","0.21558436621","0.115632855553","0.316799550573","0.559359654313"
"1623188","540120","542730","2007-06-15","0.0821548026401","0.337190845154","0.178420000361","0.349084765135","0.491567909724"
"1623189","540120","542730","2007-06-20","0.0304821191418","0.0342148546402","0.0271726380735","0.128228852662","0.227114305161"
"1623190","540120","542730","2007-06-25","0.00253486354466","0.0635994914188","0.121915869197","0.076366737463","0.0749756783861"
"1623191","540120","542730","2007-06-30","0.0236051601346","0.0873976727248","0.0987095429012","0.127147166073","0.0762401622442"
"1623192","540120","542730","2007-07-05","0.0049374345647","0.184332555193","0.214490895887","0.160143755964","0.23687878979"
"1623193","540120","542730","2007-07-10","0.00461671790656","0.0476858420695","0.0877423394038","0.114610317198","0.0878706757442"
"1623194","540120","542730","2007-07-15","0.00310252380338","0.218854568554","0.257634436449","0.25259426483","0.200849285545"
"1623195","540120","542730","2007-07-20","0.0116167289067","0.0314808425628","0.149279115994","0.16027987112","0.0185023048299"
"1623196","540120","542730","2007-07-25","0.000272326668356","0.0224728212544","0.134170178068","0.244611681904","0.0486947141361"
"1623197","540120","542730","2007-08-29","0.00283740448021","0.00468097765606","0.00383346844283","0.076557752161","0.5182141147"
"1623198","540120","542730","2007-09-03","0.0116490006223","0.00963045795375","0.0114713808163","0.0291550292561","0.140966679"
"1623199","540120","542730","2007-09-08","0.0159380630647","0.00593410734197","0.00869163467307","0.00935873473806","0.0313710898394"
"1623200","540120","542730","2007-09-13","0.00325902610802","0.000235112525232","0.000858781762124","0.0111185336499","0.0312223382163"
"1623201","540120","542730","2007-09-18","0.00140892868042","0.00000778653458263","0.0000224048090077","0.000292122064871","0.00293758786363"
"1623202","540120","542730","2007-09-23","0.00000310877002935","0.00000103008036635","0.00000697189101774","0.0000818688483522","0.00105320883225"
"1623203","540120","542730","2007-09-28","0.00000621792222012","0.0000105644618322","0.0000332404081175","0.0000866407079804","0.000173717627031"
"1623204","540120","542730","2007-10-03","0.000011940382427","0.00000425125153784","0.00000474060130728","0.0000853714098392","0.00033061891448"
"1623205","540120","542730","2007-10-08","0.00000201696216071","0.0000147344110653","0.0000554870434582","0.000354717642071","0.000402093751536"
"1623206","540120","542730","2007-10-13","0.00000119597344912","0.00000636215828847","0.0000108501645828","0.000102374021053","0.0000193392469255"
"1623207","540120","542730","2007-10-18","0.00000108209082813","0.000184665873262","0.000768170484949","0.00846520786415","0.00591733622063"
"1623208","540120","542730","2007-10-23","0.0000237356512401","0.000140061089704","0.00015909765614","0.00349306625625","0.00822193995134"
"1623209","540120","542730","2007-10-28","0.00000000183655281856","0.000000124235867682","0.00000483980369916","0.0000963238211628","0.00333694306014"
"1623210","540120","542730","2007-11-02","0.00000000838471364319","0.00000014963474722","0.00000495563436412","0.000083762709348","0.00271788558189"
"1623211","540120","542730","2007-11-07","0.0000000229802826035","0.000000204737199774","0.00000522049705674","0.00000219588659434","0.000150677529844"
"1623212","540120","542730","2007-11-12","0.000000000210670016771","0.00000000380420290633","0.000000286293063745","0.00000250781803343","0.000783751866055"
"1623213","540120","542730","2007-11-17","0.000000742489692508","0.00000468695640528","0.00000564573779399","0.000246272910937","0.00921889176446"
"1623214","540120","542730","2007-11-22","0.000000422109352292","0.00000315803716391","0.00499011858906","0.278918431109","0.146848784125"
"1623215","540120","542730","2007-11-27","0.00529443249677","0.000307047771867","0.0038915140205","0.106415447164","0.249251764729"
"1623216","540120","542730","2007-12-02","0.00364561230109","0.00103649065904","0.0108795427354","0.167034095587","0.301904316191"
"1984751","540120","542730","2008-01-01","0.00727532697922","0.00718335411325","0.00462562141884","0.0137726701105","0.0672421461421"
"1984752","540120","542730","2008-01-06","0.00431696533887","0.0431092979397","0.0849269701908","0.151551502127","0.259209016236"
"1984753","540120","542730","2008-01-11","0.0225382482821","0.0622441302197","0.0580429433803","0.253924529684","0.22491903611"
"1984754","540120","542730","2008-01-16","0.00626197915462","0.00553133699144","0.0676320254175","0.105365501254","0.147045851301"
"1984755","540120","542730","2008-01-21","0.00608700127863","0.00202405325354","0.0113382644983","0.0260558558206","0.047604840064"
"1984756","540120","542730","2008-01-26","0.000011381785065","0.00000356526946771","0.000018527539072","0.0000055107566987","0.0000121267333829"
"1984757","540120","542730","2008-01-31","0.000000640451423219","0.0000000000813742168787","0.00000000639178942197","0.0000000767537730799","0.000000542048554752"
"1984758","540120","542730","2008-02-05","0.000000239834230461","0.00000000000447872714985","0.000000000181322536693","0.0000000151047903595","0.00000115878321789"
"1984759","540120","542730","2008-02-10","0.00000411512658545","0.0000013147913791","0.000000754580187461","0.000000461404668523","0.0000401288337538"
"1984760","540120","542730","2008-02-15","0.00000700827997289","0.00000318862840784","0.00000433863432202","0.000019363316221","0.00124697614975"
"1984761","540120","542730","2008-02-20","0.000111768468742","0.00349423943369","0.00114906436742","0.00416247203677","0.0158515874483"
"1984762","540120","542730","2008-02-25","0.0000472980565014","0.00961487719068","0.00157711400789","0.0091807173981","0.0312661343301"
"1984763","540120","542730","2008-03-01","0.0000359095546471","0.00851045444108","0.00121471618641","0.00122406680817","0.0126891858185"
"1984764","540120","542730","2008-03-06","0.00000942643790134","0.00166134130951","0.000950226941229","0.000533430291295","0.02881275952"
"1984765","540120","542730","2008-03-11","0.000034749003023","0.0263658581261","0.00814672471037","0.0170973145955","0.0317691384638"
"1984766","540120","542730","2008-03-16","0.000857724281986","0.0018431549457","0.000695116756277","0.0000223063531642","0.0000786034107844"
"1984767","540120","542730","2008-03-21","0.000284615068379","0.000982570676828","0.00243567454095","0.00016228034495","0.0037068941411"
"1984768","540120","542730","2008-03-26","0.0168817117275","0.0181833016427","0.0131270121601","0.00128314339872","0.0129147062004"
"1984769","540120","542730","2008-03-31","0.107566799381","0.0132712423637","0.00743671033589","0.0103972092022","0.0108425890169"
"1984770","540120","542730","2008-04-05","0.221958919098","0.00892258510217","0.0056198247902","0.0118858262025","0.00918646887569"
"1984771","540120","542730","2008-04-10","0.243601663969","0.0145427629341","0.0777826744477","0.0147175244875","0.0223938380124"
"1984772","540120","542730","2008-04-15","0.219704866746","0.0256910266025","0.095492557232","0.0326612786844","0.00716055854825"
"1984773","540120","542730","2008-04-20","0.262983914537","0.00935768764599","0.132962815602","0.147435741117","0.0202510028421"
"1984774","540120","542730","2008-04-25","0.0655578335902","0.0130942780134","0.183796331492","0.0889896975523","0.133297429633"
"1984775","540120","542730","2008-04-30","0.0130316009519","0.0815755359957","0.856378920813","0.655278212323","0.882431044985"
"1984776","540120","542730","2008-05-05","0.0248100185026","0.358916460267","0.538694533731","0.110027210674","0.291267805967"
"1984777","540120","542730","2008-05-10","0.00639685902114","0.200598997496","0.48043628568","0.0423899813788","0.274958491731"
"1984778","540120","542730","2008-05-15","0.00349828215076","0.0225111652746","0.175862111962","0.000348302871038","0.00485686292749"
"1984779","540120","542730","2008-05-20","0.0000116744892345","0.00293502656588","0.0502394647438","0.0227636181255","0.0338344471372"
"1984780","540120","542730","2008-05-25","0.0000112871799386","0.00131416378326","0.00321301302725","0.00635804237518","0.000309111431505"
"1984781","540120","542730","2008-05-30","0.00000204489286295","0.000132481840898","0.0000656766985821","0.0000440426482798","0.000539032202023"
"1984782","540120","542730","2008-06-04","0.000330919587522","0.00120959447506","0.020438441712","0.0888720234369","0.261400808783"
"1984783","540120","542730","2008-06-09","0.000380688064364","0.00619535091648","0.245361627452","0.403036468147","0.609651431303"
"1984784","540120","542730","2008-06-14","0.00067014047482","0.00645811942933","0.4274776295","0.460820338626","0.673371589117"
"1984785","540120","542730","2008-06-19","0.00995278926076","0.136200327175","0.605346036644","0.7169888891","0.991545650539"
"1984786","540120","542730","2008-06-24","0.0165000219707","0.472337848566","0.926793375607","0.874698645472","0.997853754822"
"1984787","540120","542730","2008-06-29","0.00186861742216","0.139860801146","0.206580872588","0.341765986009","0.931968852707"
"1984788","540120","542730","2008-07-04","0.000703948415886","0.0249369201693","0.102199523777","0.187634171889","0.253741602466"
"1984789","540120","542730","2008-07-09","0.00257566445797","0.0274191748316","0.0319262719248","0.0785413995047","0.196304569394"
"1984790","540120","542730","2008-07-14","0.0684006018607","0.178151785639","0.144627706316","0.309578755866","0.441242898719"
"1984791","540120","542730","2008-07-19","0.0665344659531","0.0728870426619","0.227747890433","0.370713922842","0.495783885328"
"1984792","540120","542730","2008-07-24","0.0213985994561","0.0573233110641","0.310453864666","0.539011419459","0.634384989675"
"1984793","540120","542730","2008-07-29","0.0205950497589","0.128232787781","0.518823912425","0.659675281108","0.75890299041"
"1984794","540120","542730","2008-08-03","0.0109405340166","0.0680872286914","0.0678261719168","0.218762129434","0.305448507039"
"1984795","540120","542730","2008-08-08","0.00412412202902","0.0598407074055","0.00203141350554","0.0191923265366","0.298529821276"
"1984796","540120","542730","2008-08-13","0.000110904044724","0.00731357739189","0.0215052313764","0.0176466488077","0.0343717252887"
"1984797","540120","542730","2008-08-18","0.000265226358234","0.00377370660774","0.011399589833","0.0196373946109","0.0357570753826"
"1984798","540120","542730","2008-08-23","0.000115654318472","0.000974336283898","0.00122236026139","0.00416135294505","0.00385432081873"
"1984799","540120","542730","2008-08-28","0.000590121292971","0.00681181463702","0.0406449386285","0.00738412463016","0.0159662138615"
"1984800","540120","542730","2008-09-02","0.000782434749502","0.00190811176854","0.0234105306936","0.0193582325103","0.0216870099849"
"1984801","540120","542730","2008-09-07","0.00232547914716","0.00182500485762","0.00700364428941","0.00527329104233","0.0165942019726"
"1984802","540120","542730","2008-09-12","0.0222053258652","0.0108933113584","0.0572335986437","0.0137210010347","0.02945711865"
"1984803","540120","542730","2008-09-17","0.0118346307893","0.0193424814551","0.0650734677477","0.0159450530973","0.015184976606"
"1984804","540120","542730","2008-09-22","0.00570585963001","0.00405732225352","0.0152335146494","0.00280985146141","0.00137437225454"
"1984805","540120","542730","2008-09-27","0.00908028359726","0.109122399941","0.222379766535","0.0737830883304","0.0673136767798"
"1984806","540120","542730","2008-10-02","0.0141753586534","0.109848823413","0.106158105824","0.233801127864","0.300194773979"
"1984807","540120","542730","2008-10-07","0.0480415973481","0.0542744125079","0.09073953021","0.258126367671","0.0770166762737"
"1984808","540120","542730","2008-10-12","0.000225678752199","0.00337409802184","0.000413405970257","0.00614563748116","0.00164121964874"
"1984809","540120","542730","2008-10-17","0.00288132461016","0.0957516617639","0.00415555609634","0.0180370899676","0.00446733081906"
"1984810","540120","542730","2008-10-22","0.0108434561843","0.0115271162408","0.00371863128532","0.0236034124568","0.00336924562622"
"1984811","540120","542730","2008-10-27","0.00878552417763","0.00596578521663","0.000804761221946","0.00125452017386","0.0283655308698"
"1984812","540120","542730","2008-11-01","0.00126071725155","0.00338842586876","0.00120885360485","0.00173176365891","0.16897435471"
"1984813","540120","542730","2008-11-06","0.00114380650845","0.00635769234222","0.000351667116728","0.00114748415727","0.00861200353796"
"1984814","540120","542730","2008-11-11","0.000000464080701873","0.00000157843503065","0.00000173047192387","0.000132201967942","0.001833537006"
"1984815","540120","542730","2008-11-16","0.0000000309538118872","0.000000782662478818","0.000000863396760055","0.0000400931390595","0.000905771474793"
"1984816","540120","542730","2008-11-21","0.0000000723247395736","0.000000207885554657","0.000000348748502996","0.0000140114776635","0.00016347562382"
"1984817","540120","542730","2008-11-26","0.0000000529984237433","0.00000011753159692","0.00000133657624208","0.0000131237990206","0.0000697587465593"
"1984818","540120","542730","2008-12-01","0.0000002973674775","0.000000126508847522","0.00000320861588691","0.000036810845228","0.00134116667488"
"2354756","540120","542730","2009-01-01","0.00456765416625","0.00580444700829","0.0352326436907","0.000938107922649","0.00127484220826"
"2354757","540120","542730","2009-01-06","0.00043608472836","0.00209860960465","0.0100811193346","0.000803465232604","0.000131221719748"
"2354758","540120","542730","2009-01-11","0.000111707347967","0.000765274232688","0.00304963849287","0.00151233839725","0.000223089692863"
"2354759","540120","542730","2009-01-16","0.0000593961904162","0.0000711513779792","0.000643541546902","0.000128388927847","0.00000818555669608"
"2354760","540120","542730","2009-01-21","0.000000173277672758","0.000001033043661","0.00000577963633123","0.0000201016667145","0.000105487586757"
"2354761","540120","542730","2009-01-26","0.000000294694909646","0.000000522263226248","0.000000254576253289","0.00000288196734986","0.0000426530004109"
"2354762","540120","542730","2009-01-31","0.0000000416890599632","0.000000251818725617","0.00000446982143139","0.000054053633","0.0000216860998723"
"2354763","540120","542730","2009-02-05","0.00000632993192801","0.000000275857634156","0.00000242086986984","0.0000518898752402","0.000636346636407"
"2354764","540120","542730","2009-02-10","0.000000285627727236","0.0000000133711032312","0.000000330568794118","0.00000390981219318","0.0000547537581275"
"2354765","540120","542730","2009-02-15","0.0000000190945618589","0.000000281730731459","0.0000217245827202","0.000480157856551","0.00625344447321"
"2354766","540120","542730","2009-02-20","0.0000000130029922148","0.0000045760448439","0.0000412963680922","0.000431735364809","0.0056407974173"
"2354767","540120","542730","2009-02-25","0.000000000938560586669","0.00000145635958031","0.0000146130513074","0.000264463157762","0.00158535931488"
"2354768","540120","542730","2009-03-02","0.000000000475694157117","0.00000111886767787","0.0000337484321745","0.000311453555136","0.00127143012165"
"2354769","540120","542730","2009-03-07","0.000000000011920779169","0.00000135943109632","0.00000888814506486","0.000125219455228","0.00205125405181"
"2354770","540120","542730","2009-05-16","0.00125450739273","0.00558340254329","0.0577865779426","0.211520627809","0.0911759046049"
"2354771","540120","542730","2009-05-21","0.0141312164448","0.0997515856702","0.142719250388","0.347029020925","0.0653677516063"
"2354772","540120","542730","2009-05-26","0.0673408155245","0.368457026963","0.196054683307","0.353101671707","0.0163322855895"
"2354773","540120","542730","2009-05-31","0.0102965911459","0.148037458911","0.0146078412857","0.03672730613","0.121302507716"
"2354774","540120","542730","2009-06-05","0.0465652766784","0.205445938926","0.0113269297253","0.0164472761213","0.0632069921589"
"2354775","540120","542730","2009-06-10","0.0399885753131","0.20407519862","0.00584230274453","0.0208898338397","0.0782521008151"
"2354776","540120","542730","2009-06-15","0.00396796182535","0.0712345830328","0.00672332291993","0.0138424865642","0.0243895163086"
"2354777","540120","542730","2009-06-20","0.000176870055402","0.00314067637685","0.0279997467228","0.0404975064075","0.112673527547"
"2354778","540120","542730","2009-06-25","0.000894284089844","0.0204123542626","0.0419740761433","0.0914363312451","0.201499487498"
"2354779","540120","542730","2009-06-30","0.000501620847739","0.0266953315511","0.12481487641","0.198863304876","0.37438166928"
"2354780","540120","542730","2009-07-05","0.00507702243248","0.0725807527743","0.3351878382","0.354291347643","0.326381794792"
"2354781","540120","542730","2009-07-10","0.0119573517734","0.115695378066","0.447841846422","0.459546832728","0.0337824613226"
"2354782","540120","542730","2009-07-15","0.808014559451","0.948467965116","0.966599051621","0.929488762797","0.246069177705"
"2354783","540120","542730","2009-07-20","0.207516744951","0.429756993562","0.432259873896","0.806966559719","0.655046835499"
"2354784","540120","542730","2009-07-25","0.49472954364","0.886661663089","0.982353104001","0.926373366388","0.090297919446"
"2354785","540120","542730","2009-07-30","0.532607545807","0.692801042542","0.48365888283","0.460030932073","0.466010719674"
"2354786","540120","542730","2009-08-04","0.0503180874277","0.162082895155","0.0653951488365","0.421458340693","0.101639581949"
"2354787","540120","542730","2009-08-09","0.00243259927254","0.012179055402","0.0153034494971","0.0249076254352","0.00873921506334"
"2354788","540120","542730","2009-08-14","0.00090863971232","0.00481723212277","0.00441959766681","0.0198692713788","0.00187501229485"
"2354789","540120","542730","2009-08-19","0.000263969716885","0.0039766293632","0.000499923414381","0.00234057092967","0.00445565905583"
"2354790","540120","542730","2009-08-24","0.0000470701960859","0.00113753452425","0.00206041745715","0.00802789951669","0.0484781080913"
"2354791","540120","542730","2009-08-29","0.000609451121604","0.124923793284","0.303361116742","0.293085907589","0.0850229946378"
"2354792","540120","542730","2009-09-03","0.000445332465366","0.444719456206","0.178401945051","0.158160557982","0.161818374621"
"2354793","540120","542730","2009-09-08","0.000554000211209","0.656498975186","0.213523388866","0.804556177773","0.638352755959"
"2354794","540120","542730","2009-09-13","0.00326938634713","0.615859431341","0.0256188638805","0.18887605007","0.238079809703"
"2354795","540120","542730","2009-09-18","0.0231079581656","0.0965024537331","0.00309363502146","0.0124309603055","0.0343727211706"
"2354796","540120","542730","2009-09-23","0.0035804170515","0.00408572779463","0.000277559729377","0.00138527542561","0.00116037146376"
"2354797","540120","542730","2009-09-28","0.000514103228924","0.00000731631304244","0.0000134841632257","0.000113549692302","0.00147876302393"
"2354798","540120","542730","2009-10-03","0.000928334690629","0.000102565441632","0.000102999378859","0.000388859525722","0.00392041923879"
"2354799","540120","542730","2009-10-08","0.0000177090962102","0.0000565178843851","0.00000875086648825","0.00000390810766355","0.0000383073962105"
"2354800","540120","542730","2009-10-13","0.00000876413829331","0.0000128332529717","0.00000397980758463","0.00000280268555329","0.00044250944573"
"2354801","540120","542730","2009-10-18","0.0000089512774739","0.0000812489052727","0.0000145004808206","0.0000311558929793","0.00398120845135"
"2354802","540120","542730","2009-10-23","0.0000194422463704","0.000400070678353","0.000158541673238","0.00190088588934","0.0489034099554"
"2354803","540120","542730","2009-10-28","0.0000726369490144","0.000248934410567","0.000133867208911","0.000893595137396","0.0224656511007"
"2354804","540120","542730","2009-11-02","0.0000730392891743","0.00033253993512","0.00120100696265","0.00196297713864","0.036250318778"
"2354805","540120","542730","2009-11-07","0.000110121878279","0.000351173714022","0.000607143595719","0.00276156029132","0.0159354540784"
"2354806","540120","542730","2009-11-12","0.00000235394867217","0.00000973265658042","0.0000681620915473","0.000195875258043","0.000943820613116"
"2354807","540120","542730","2009-11-17","0.0000003210393866","0.00000283626518838","0.0000287269675659","0.0000572550135639","0.000281602712746"
"2354808","540120","542730","2009-11-22","0.00000117869758036","0.0000125194573202","0.000131334807957","0.00263778440924","0.00685420470082"
"2354809","540120","542730","2009-11-27","0.00002307455897","0.000335486800335","0.000203132380886","0.000876284756307","0.00243965639768"
"2354810","540120","542730","2009-12-02","0.00000749842274874","0.000192949446643","0.0000585860801899","0.000703965859641","0.00524166892285"
"2724515","540120","542730","2010-01-01","0.00000544870322406","0.00000548549262462","0.0000238812012691","0.000815665194415","0.00470503715544"
"2724516","540120","542730","2010-01-06","0.00000115733035077","0.0000013808171991","0.0000168004355582","0.000124159147989","0.00144167339385"
"2724517","540120","542730","2010-01-11","0.0000000330049945006","0.000000116099351387","0.00000174402439569","0.0000169687804777","0.00016202465999"
"2724518","540120","542730","2010-01-16","0.0000000052175438247","0.0000000119174913987","0.00000183198246312","0.000000355310759561","0.00000421251102847"
"2724519","540120","542730","2010-01-21","0.00000000849316546694","0.00000106921639617","0.0000216432334496","0.000128225724121","0.000835750460702"
"2724520","540120","542730","2010-01-26","0.0000000532765143102","0.00000294599740621","0.00000561525920153","0.000076884870424","0.000611290351437"
"2724521","540120","542730","2010-01-31","0.000000409581565054","0.000000142977824793","0.0000095152953151","0.000128683996488","0.000426706854224"
"2724522","540120","542730","2010-02-05","0.00000100046154586","0.000000463732320683","0.0000068787947645","0.0000834273260014","0.00161854607587"
"2724523","540120","542730","2010-02-10","0.0000186314170278","0.00000104842338418","0.0000215466685437","0.000146952566084","0.00150389968677"
"2724524","540120","542730","2010-02-15","0.00000802220341001","0.000000685442761558","0.00000282812106564","0.0000181742642133","0.000426346138567"
"2724525","540120","542730","2010-02-20","0.00000729115779356","0.00000619838947627","0.00000359458409768","0.000136450296032","0.000020982939872"
"2724526","540120","542730","2010-02-25","0.0000318084935921","0.00000710770376513","0.00000719635554979","0.0000957992975319","0.0000409955907202"
"2724527","540120","542730","2010-03-02","0.0000264693426382","0.0000803362712101","0.000385174151808","0.00242301289735","0.000314561971384"
"2724528","540120","542730","2010-03-07","0.000175811937179","0.000350284204076","0.00111022905005","0.0326104245367","0.0553934314311"
"2724529","540120","542730","2010-03-12","0.00000368797390333","0.000230470471907","0.000741074285228","0.00479161850018","0.00820193737698"
"2724530","540120","542730","2010-03-17","0.00000119506233286","0.0000909665580142","0.00148061345718","0.0012910705774","0.00088356010279"
"2724531","540120","542730","2010-03-22","0.0000231605421214","0.00106684960014","0.0139532308747","0.0428311827343","0.0130349362044"
"2724532","540120","542730","2010-03-27","0.000111018549261","0.00262913923084","0.0396826227561","0.206095708944","0.326810114354"
"2724533","540120","542730","2010-04-01","0.0000836256294411","0.00064399346696","0.0143619061119","0.0661426119711","0.116217845467"
"2724534","540120","542730","2010-04-06","0.0000811286645439","0.0499823564545","0.176751542178","0.188718901715","0.179229234116"
"2724535","540120","542730","2010-04-11","0.0190861773792","0.0739857281781","0.10640378278","0.0699274354029","0.196291151358"
"2724536","540120","542730","2010-04-16","0.0137569481181","0.0223623902899","0.0106409902328","0.0112203419697","0.0264960828491"
"2724537","540120","542730","2010-04-21","0.0253277172672","0.0478009165475","0.0110125806467","0.0313258586928","0.0102052279379"
"2724538","540120","542730","2010-04-26","0.032808228791","0.075184511616","0.0246913038089","0.135338654167","0.314573410209"
"2724539","540120","542730","2010-05-01","0.0205272384471","0.0261074729096","0.0250367042356","0.0617016182667","0.171286544027"
"2724540","540120","542730","2010-05-06","0.0179414198746","0.0471983588875","0.0450626225462","0.20028849728","0.247808955692"
"2724541","540120","542730","2010-05-11","0.0442240329483","0.0710283927336","0.155085410996","0.110555472684","0.00013438574251"
"2724542","540120","542730","2010-05-16","0.295349103867","0.0206395015048","0.0017008320929","0.23583345184","0.0161558333848"
"2724543","540120","542730","2010-05-21","0.304560389428","0.0566971757569","0.0018901584492","0.000966533014066","0.044240219355"
"2724544","540120","542730","2010-05-26","0.712181770826","0.00441557481128","0.00892657066872","0.0110497342533","0.118048572622"
"2724545","540120","542730","2010-05-31","0.976782570651","0.0260476484756","0.0357212504691","0.0150874866896","0.091101051383"
"2724546","540120","542730","2010-06-05","0.336783917366","0.0571282518664","0.0322636127507","0.0542524106871","0.0217774004949"
"2724547","540120","542730","2010-06-10","0.117950160498","0.072471290041","0.00891209281861","0.024374160653","0.0500535392678"
"2724548","540120","542730","2010-06-15","0.0666648142921","0.0869595684561","0.0650836072126","0.0909990609567","0.0348583449384"
"2724549","540120","542730","2010-06-20","0.161416767075","0.179948460364","0.0865687751681","0.13854121033","0.101787578239"
"2724550","540120","542730","2010-06-25","0.0819052165237","0.189475629136","0.0168088113735","0.1513834973","0.498546092584"
"2724551","540120","542730","2010-06-30","0.750021922467","0.724662970333","0.0563171278084","0.150519834837","0.261988373164"
"2724552","540120","542730","2010-07-05","0.802277533376","0.99944992402","0.0146301393296","0.0623276785643","0.235250236601"
"2724553","540120","542730","2010-07-10","0.785801564721","0.946989861729","0.0170828342227","0.0400887175155","0.159958756838"
"2724554","540120","542730","2010-07-15","0.840297793147","0.890971432321","0.442175927206","0.468745084909","0.49003367173"
"2724555","540120","542730","2010-07-20","0.703397307218","0.760754393389","0.256502766726","0.491424752182","0.676800591407"
"2724556","540120","542730","2010-07-25","0.934745361967","0.185776713805","0.0924050890265","0.300833258143","0.0956643521655"
"2724557","540120","542730","2010-07-30","0.224877480375","0.237920783127","0.501020127086","0.0389120598395","0.101783138365"
"2724558","540120","542730","2010-08-04","0.2475316473","0.136177644572","0.257717004227","0.280351273191","0.415626773558"
"2724559","540120","542730","2010-08-09","0.109815569048","0.0395069150079","0.0949630353879","0.330152543972","0.18811474503"
"2724560","540120","542730","2010-08-14","0.0514996438874","0.0353741938344","0.0874475537178","0.244864914425","0.157485694453"
"2724561","540120","542730","2010-08-19","0.127735320613","0.0172985934344","0.0436025408861","0.184928898234","0.184958448641"
"2724562","540120","542730","2010-08-24","0.00439505371112","0.00128692297582","0.00140243271942","0.0909771772666","0.162060561036"
"2724563","540120","542730","2010-08-29","0.00199519817636","0.000490156796808","0.0000382902359746","0.0123384172561","0.034399057435"
"2724564","540120","542730","2010-09-03","0.0009339858009","0.000353712222518","0.00019226778048","0.0143939998194","0.0134025596521"
"2724565","540120","542730","2010-09-08","0.00619175892438","0.00340306768831","0.0025367355661","0.113165529219","0.180322019839"
"2724566","540120","542730","2010-09-13","0.0128216665395","0.0077964578603","0.000335346909875","0.0249671206925","0.0577645394809"
"2724567","540120","542730","2010-09-18","0.0297175074816","0.0177625133256","0.000276814526011","0.010592918772","0.0203536676335"
"2724568","540120","542730","2010-09-23","0.0730535450721","0.0370332685349","0.00123539465165","0.0557935220845","0.0144248315288"
"2724569","540120","542730","2010-09-28","0.0383553296663","0.024612072699","0.00167250348766","0.0415204239331","0.00082596670294"
"2724570","540120","542730","2010-10-03","0.0225025326715","0.0165422141737","0.0000480116798842","0.00103792108221","0.00235100094655"
"2724571","540120","542730","2010-10-08","0.0005753619018","0.000517937837353","0.00000757344041517","0.00017153104523","0.000528788034439"
"2724572","540120","542730","2010-10-13","0.000691712620222","0.00039351776355","0.000000558565677501","0.0000310334910636","0.0000953357856248"
"2724573","540120","542730","2010-10-18","0.00000383961446482","0.00000538286936081","0.0000000637593729561","0.00000535665978513","0.00128212016955"
"2724574","540120","542730","2010-10-23","0.00000823348118709","0.0000544540595356","0.00000129412423285","0.0000834886957568","0.00091909365546"
"2724575","540120","542730","2010-10-28","0.000000122622661589","0.00000307978740299","0.00000119419525364","0.000280818700933","0.000581369485604"
"2724576","540120","542730","2010-11-02","0.0000024032500794","0.0000986655772226","0.0000676084765978","0.000233469629522","0.00282061273253"
"2724577","540120","542730","2010-11-07","0.00000000526026883713","0.000000643015454774","0.0000193204905344","0.000139083150653","0.0002492595166"
"2724578","540120","542730","2010-11-12","0.000000000142661142171","0.000000215560503126","0.00000430101576172","0.000104074906263","0.00142210729052"
"2724579","540120","542730","2010-11-17","0.000000000669798927179","0.000000133202477594","0.00000213378480225","0.0000534724594841","0.000442017637917"
"2724580","540120","542730","2010-11-22","0.000000774614975025","0.000102482911754","0.0001182339114","0.000148320411683","0.00114457105525"
"2724581","540120","542730","2010-11-27","0.000000403012999128","0.0000187324695417","0.0000191786395706","0.0000251983468108","0.000982035344141"
"2724582","540120","542730","2010-12-02","0.000212863631119","0.00105933195117","0.0000708140298939","0.0000737856783067","0.00117946949692"
"3106479","540120","542730","2011-01-01","0.0000230758756329","0.00000133208119586","0.00000409275102232","0.0000422618037418","0.000720262413489"
"3106480","540120","542730","2011-01-06","0.000553077808626","0.00106697498243","0.00338297162994","0.0184635100278","0.00520210567623"
"3106481","540120","542730","2011-01-11","0.00161145326858","0.00749893247204","0.00947122389668","0.0364135002345","0.0133850550867"
"3106482","540120","542730","2011-01-16","0.00372958770191","0.00998659321114","0.00151432106539","0.0101817339114","0.0367086474274"
"3106483","540120","542730","2011-01-21","0.000397932667587","0.00046404885729","0.000206722940449","0.00112264709497","0.0033064513704"
"3106484","540120","542730","2011-01-26","0.000228793143148","0.000205850636297","0.000201530520369","0.00242588472085","0.00164144248214"
"3106485","540120","542730","2011-01-31","0.0000753995452194","0.000267825045681","0.000171475845564","0.00161664407669","0.000231818659153"
"3106486","540120","542730","2011-02-05","0.000000394692562443","0.00000486868176393","0.00000291095885511","0.00005016041159","0.0000645041761416"
"3106487","540120","542730","2011-02-10","0.00000233653514337","0.0000136231052916","0.00000334841712339","0.000121086612186","0.000609007515652"
"3106488","540120","542730","2011-02-15","0.0000330390879889","0.0000364119655172","0.00000782567082514","0.000183424019014","0.000290218599268"
"3106489","540120","542730","2011-02-20","0.00000234708497481","0.0000229380131592","0.00000245304889979","0.0000807492094645","0.000242301731962"
"3106490","540120","542730","2011-02-25","0.00000936118163653","0.0000210341047941","0.0000201049838594","0.000225887589457","0.00133254989273"
"3106491","540120","542730","2011-03-02","0.0000290303879769","0.000121269182693","0.0000189929436895","0.0000604133756359","0.00000854589768167"
"3106492","540120","542730","2011-03-07","0.0000045399107931","0.00000171150839629","0.0000000999858751147","0.000000685162713983","0.000000205925847592"
"3106493","540120","542730","2011-03-12","0.00000161915834247","0.000000199435185933","0.0000000387264576197","0.00000294884931372","0.000136238166943"
"3106494","540120","542730","2011-03-17","0.0000351341890469","0.000112909409815","0.000181517402389","0.0000956582317769","0.000672860438922"
"3106495","540120","542730","2011-03-22","0.000293072491706","0.00522855556466","0.000562726714765","0.000625995280233","0.00780376187961"
"3106496","540120","542730","2011-03-27","0.00156127957795","0.00543553300204","0.00246108337189","0.00419932736863","0.0333054992097"
"3106497","540120","542730","2011-04-01","0.0183171909642","0.177442553554","0.00878520860556","0.00254600302545","0.030606991578"
"3106498","540120","542730","2011-04-06","0.0240038357579","0.295759852184","0.0531746369304","0.0307931043784","0.132274314381"
"3106499","540120","542730","2011-04-11","0.0540220474293","0.460288290833","0.847424203102","0.477360546388","0.552909973901"
"3106500","540120","542730","2011-04-16","0.0490746321702","0.601672263869","0.838345082788","0.536425981053","0.490577769421"
"3106501","540120","542730","2011-04-21","0.0173779967199","0.511958174621","0.694353386577","0.392989745057","0.0776679772786"
"3106502","540120","542730","2011-04-26","0.00552759337815","0.0919592103941","0.089198217965","0.243213073608","0.0611275886177"
"3106503","540120","542730","2011-05-01","0.0106082821384","0.0146150379426","0.0298193013243","0.107109326237","0.056678237828"
"3106504","540120","542730","2011-05-06","0.0033550751654","0.00506248363179","0.00872105361258","0.0292269988287","0.147750101599"
"3106505","540120","542730","2011-05-11","0.0019347854285","0.000433608831148","0.000865324645214","0.00209995164676","0.0169635732848"
"3106506","540120","542730","2011-05-16","0.00290688234794","0.000308644076303","0.00134715616628","0.00640601514444","0.0287804277433"
"3106507","540120","542730","2011-05-21","0.0111838861247","0.0000774843261018","0.00324326739714","0.00405166601819","0.0971214738053"
"3106508","540120","542730","2011-05-26","0.0252705219182","0.000595011080631","0.00722742407142","0.00741768244928","0.0227754076126"
"3106509","540120","542730","2011-05-31","0.0130943918999","0.00634692846847","0.0273712845212","0.0347407817101","0.0435132541313"
"3106510","540120","542730","2011-06-05","0.0426408921495","0.12924533902","0.751303836795","0.551281154959","0.520054327485"
"3106511","540120","542730","2011-06-10","0.0770066478937","0.0686169002122","0.58173179572","0.582925261603","0.406363341734"
"3106512","540120","542730","2011-06-15","0.0481925058745","0.0645011436769","0.4378296056","0.563328877159","0.300959661072"
"3106513","540120","542730","2011-06-20","0.149540836736","0.238988180161","0.553650267645","0.436932361924","0.481215557005"
"3106514","540120","542730","2011-06-25","0.681047544444","0.247561905179","0.302240873907","0.389632538009","0.802953437923"
"3106515","540120","542730","2011-06-30","0.681999584765","0.211413465021","0.319554907128","0.510266442171","0.862789770193"
"3106516","540120","542730","2011-07-05","0.0361501457802","0.0731393878621","0.0596763432537","0.170384515069","0.334032128293"
"3106517","540120","542730","2011-07-10","0.0095836941816","0.0752754174641","0.0915651547164","0.248734852735","0.66868807366"
"3106518","540120","542730","2011-07-15","0.0020090534529","0.162752030434","0.141906578488","0.280075360181","0.518882014022"
"3106519","540120","542730","2011-07-20","0.0181568483603","0.0192766755452","0.0517792865836","0.206165325384","0.401051279406"
"3106520","540120","542730","2011-07-25","0.0257084117045","0.11881469411","0.147892621485","0.228756121118","0.258037514643"
"3106521","540120","542730","2011-07-30","0.115740801622","0.593915685916","0.715068921563","0.600499835726","0.354399989158"
"3106522","540120","542730","2011-08-04","0.231388822939","0.173704289774","0.0980151300424","0.0266342320045","0.0234483838081"
"3106523","540120","542730","2011-08-09","0.275151056157","0.0221359044598","0.033020715875","0.0337206640284","0.104493542606"
"3106524","540120","542730","2011-08-14","0.0650333670745","0.00130075588228","0.00265796902076","0.0081862169521","0.0350096031246"
"3106525","540120","542730","2011-08-19","0.0244970612871","0.00159833638365","0.00231992865124","0.000135883173295","0.000970590899562"
"3106526","540120","542730","2011-08-24","0.0109667259986","0.000368897117511","0.000877113982828","0.000700069332824","0.00156223978497"
"3106527","540120","542730","2011-08-29","0.000455828670253","0.0035416414583","0.0318658676915","0.00622420674558","0.00269703646177"
"3106528","540120","542730","2011-09-03","0.0103859563413","0.00895959214363","0.01500491472","0.121578324733","0.106827590215"
"3106529","540120","542730","2011-09-08","0.0118540008302","0.00836663854098","0.0125046213522","0.0324654060027","0.0020683079159"
"3106530","540120","542730","2011-09-13","0.000910342899647","0.00331756750854","0.00581678428316","0.0126984048637","0.00212962485375"
"3106531","540120","542730","2011-09-18","0.000544541772307","0.0015843325956","0.00964299926224","0.0218171316615","0.00385200994873"
"3106532","540120","542730","2011-09-23","0.000811648822919","0.000558760982677","0.000676777765101","0.000147533233635","0.000740402249591"
"3106533","540120","542730","2011-09-28","0.0000346313774785","0.000364633475207","0.000183794042294","0.000504663416289","0.000111237459506"
"3106534","540120","542730","2011-10-03","0.0000588078079691","0.00123733867944","0.000345159437967","0.000260004630112","0.000237336798678"
"3106535","540120","542730","2011-10-08","0.0000268959389167","0.000609122271693","0.000110630568932","0.000511277934836","0.00148820176934"
"3106536","540120","542730","2011-10-13","0.0000944156432552","0.00108264543667","0.0000519877467401","0.0000800478244483","0.000593582254571"
"3106537","540120","542730","2011-10-18","0.0000702871622721","0.00350999820998","0.000402149690991","0.0147741091244","0.0206449481726"
"3106538","540120","542730","2011-10-23","0.0000695981683515","0.00568436225053","0.000978585963684","0.00983769231166","0.0461385482478"
"3106539","540120","542730","2011-10-28","0.000104676104063","0.00127408238341","0.000513386685229","0.00999825629","0.0409138294038"
"3106540","540120","542730","2011-11-02","0.00106054297623","0.00195841216637","0.0135097832905","0.0341463258415","0.144042483146"
"3106541","540120","542730","2011-11-07","0.00594189776879","0.00890469474424","0.0345007927271","0.102438886381","0.468260620996"
"3106542","540120","542730","2011-11-12","0.0399072173777","0.0100781251504","0.00214636090248","0.0353957949249","0.207677423449"
"3106543","540120","542730","2011-11-17","0.0311834682278","0.0208762422912","0.00848084712942","0.039338213002","0.104381077781"
"3106544","540120","542730","2011-11-22","0.0266656345733","0.0175460057826","0.0132872282174","0.0429248719288","0.0853847575043"
"3106545","540120","542730","2011-11-27","0.0697540101486","0.07391020351","0.0250968358066","0.142520146999","0.142830463918"
"3106546","540120","542730","2011-12-02","0.00440840604658","0.0102746704312","0.00444557116029","0.0121534622858","0.0418480733667"
"3484097","540120","542730","2012-01-01","0.000162060976781","0.00135106792996","0.00110302597971","0.00424477227071","0.0162240947639"
"3484098","540120","542730","2012-01-06","0.000072983485826","0.000432645691499","0.000366002806806","0.00263836548343","0.0225886065859"
"3484099","540120","542730","2012-01-11","0.000000580683702897","0.00000641571144988","0.000025882749994","0.000117999034833","0.000150626083496"
"3484100","540120","542730","2012-01-16","0.000000251202957285","0.0000187892058174","0.000213305541689","0.00138636729577","0.00131128502814"
"3484101","540120","542730","2012-01-21","0.00000664196889027","0.0000175612486386","0.000119101945693","0.00384357130192","0.00658331973123"
"3484102","540120","542730","2012-01-26","0.0000114022171885","0.000479535433129","0.00237971417735","0.0237240287786","0.00690976710641"
"3484103","540120","542730","2012-01-31","0.00004276883534","0.00033721916713","0.00248882970888","0.0277493560137","0.0152237245809"
"3484104","540120","542730","2012-02-05","0.0000148075969434","0.000452385932285","0.00303894753389","0.0264232103777","0.0157522855479"
"3484105","540120","542730","2012-02-10","0.0000153615069844","0.000104960641978","0.0013373488292","0.0122422849629","0.0477380812024"
"3484106","540120","542730","2012-02-15","0.0000134609843565","0.0000474710120778","0.000511037888081","0.00289728811552","0.00126841306503"
"3484107","540120","542730","2012-02-20","0.000000280885996714","0.0000583659874206","0.000234147938459","0.00284205643734","0.0201046059221"
"3484108","540120","542730","2012-02-25","0.000000112129632907","0.00000181873724649","0.0000131491959385","0.0000100664309538","0.000672934400378"
"3484109","540120","542730","2012-03-01","0.00000150068832305","0.0000438524923134","0.000234436040315","0.0000842010349152","0.00195173229539"
"3484110","540120","542730","2012-03-06","0.00000294042305921","0.0000881213480693","0.000635858251677","0.000371001750084","0.00572475969705"
"3484111","540120","542730","2012-03-11","0.0000106540536119","0.000543834425728","0.00390068555","0.000251563766339","0.00374362004005"
"3484112","540120","542730","2012-03-16","0.00592931470718","0.000783431286118","0.000663617954412","0.00250260564275","0.0429237351136"
"3484113","540120","542730","2012-03-21","0.00496956769206","0.000434593722873","0.000747850479669","0.00147032516408","0.0129440519839"
"3484114","540120","542730","2012-03-26","0.0245663704944","0.00370163784359","0.00133476653393","0.0049428858852","0.0590841952628"
"3484115","540120","542730","2012-03-31","0.00410725158785","0.0165657029924","0.00898504550869","0.021730768451","0.171630577144"
"3484116","540120","542730","2012-04-05","0.00195598740848","0.0332563591434","0.00756526556615","0.0199959478691","0.0936304969863"
"3484117","540120","542730","2012-04-10","0.00442660902276","0.0835104484224","0.00839666424595","0.0271888687879","0.064013520431"
"3484118","540120","542730","2012-04-15","0.00572515755842","0.387593908176","0.0695678899408","0.0861343890173","0.0813910312309"
"3484119","540120","542730","2012-04-20","0.00235612111302","0.188222285222","0.0302183874707","0.0190453416968","0.111626293323"
"3484120","540120","542730","2012-04-25","0.00194664490773","0.017202401084","0.0818270419391","0.0524338093305","0.147607829616"
"3484121","540120","542730","2012-04-30","0.0356944587096","0.0426207550036","0.104680692012","0.0787615122066","0.106982656563"
"3484122","540120","542730","2012-05-05","0.0636592295136","0.0105143824767","0.0300200874258","0.033931771483","0.0270562427712"
"3484123","540120","542730","2012-05-10","0.0338234850528","0.0383429192256","0.0117503821115","0.0107418033485","0.0307524723589"
"3484124","540120","542730","2012-05-15","0.0174119268343","0.0441975705109","0.0299278877237","0.0144939005975","0.0536850514742"
"3484125","540120","542730","2012-05-20","0.0240408688024","0.118225774063","0.0142109509375","0.010126862392","0.0285733015086"
"3484126","540120","542730","2012-05-25","0.0972974657179","0.215191009285","0.0319585670865","0.00284177423044","0.00785175630876"
"3484127","540120","542730","2012-05-30","0.244579670094","0.00914169290161","0.000105744103178","0.000208159664749","0.00257340828673"
"3484128","540120","542730","2012-06-04","0.00661624330509","0.000640745958786","0.00204388291736","0.00666236620683","0.0935642484345"
"3484129","540120","542730","2012-06-09","0.00559839899352","0.000235944311493","0.00127657702346","0.00862425434081","0.0331725898734"
"3484130","540120","542730","2012-06-14","0.00158290898342","0.000410678709875","0.00483022291821","0.0194044045378","0.0539366366004"
"3484131","540120","542730","2012-06-19","0.00135083355087","0.0000214930812064","0.000375918529041","0.00169512297369","0.00630729413542"
"3484132","540120","542730","2012-06-24","0.0551821152178","0.0121155469684","0.0312558552753","0.0873755628602","0.175297427149"
"3484133","540120","542730","2012-06-29","0.0265242894008","0.0867266491143","0.0997941031784","0.24488836692","0.440799451885"
"3484134","540120","542730","2012-07-04","0.0722436282222","0.105005422628","0.0415015936863","0.10460440052","0.168914847379"
"3484135","540120","542730","2012-07-09","0.431535855835","0.115176108642","0.141320959922","0.329411164545","0.4855002694"
"3484136","540120","542730","2012-07-14","0.139947835558","0.169742815047","0.172836460017","0.322154456792","0.392683592866"
"3484137","540120","542730","2012-07-19","0.00859397061799","0.161364661525","0.0779983494746","0.0252049579494","0.024977526759"
"3484138","540120","542730","2012-07-24","0.00124230551144","0.00872358437636","0.0117902901725","0.0306410027645","0.00744225858906"
"3484139","540120","542730","2012-07-29","0.00103941773594","0.00318759492689","0.00416274125113","0.0061012653384","0.00990889445178"
"3484140","540120","542730","2012-08-03","0.000345569894598","0.00508800864136","0.00483705646057","0.00982550783995","0.0579570023219"
"3484141","540120","542730","2012-08-08","0.00238929075763","0.0347910671093","0.0407291201079","0.0122170661806","0.0324706765241"
"3484142","540120","542730","2012-08-13","0.005428671175","0.0330033293521","0.105198668946","0.0166862121442","0.203108213613"
"3484143","540120","542730","2012-08-18","0.00422795086159","0.0735955533692","0.428975141926","0.0897212429156","0.0203927819284"
"3484144","540120","542730","2012-08-23","0.0605661505927","0.1044953999","0.435357000793","0.132353593942","0.101390403762"
"3484145","540120","542730","2012-08-28","0.0528051261676","0.0885391014793","0.236186502501","0.0196456974585","0.0281164576335"
"3484146","540120","542730","2012-09-02","0.00195632881291","0.000238759123512","0.0112250694647","0.184916594369","0.0104600291716"
"3484147","540120","542730","2012-09-07","0.0189366510624","0.00154716648118","0.0215974384231","0.0398949198876","0.0140842388669"
"3484148","540120","542730","2012-09-12","0.000376112614575","0.000502027969459","0.00726783422674","0.169343165578","0.114596736442"
"3484149","540120","542730","2012-09-17","0.0000483641217932","0.000986021385308","0.0178523386236","0.0269344347955","0.0229455526138"
"3484150","540120","542730","2012-09-22","0.00380690730849","0.013583393717","0.144635560931","0.0149824917448","0.0344697484053"
"3484151","540120","542730","2012-09-27","0.0120886004358","0.0115333291316","0.0721004700461","0.171136020268","0.0758122179804"
"3484152","540120","542730","2012-10-02","0.00796324429349","0.00176836871846","0.00538529011158","0.034808658674","0.047859613614"
"3484153","540120","542730","2012-10-07","0.0179173020931","0.135997449508","0.209249967425","0.397182050152","0.310908989488"
"3484154","540120","542730","2012-10-12","0.0564803776397","0.154273513234","0.374412243597","0.615543506273","0.551968755703"
"3484155","540120","542730","2012-10-17","0.0620106089309","0.040705437327","0.0342159662941","0.0989900051851","0.00260238565616"
"3484156","540120","542730","2012-10-22","0.000418200483662","0.00239442056086","0.00469556736919","0.0114421065313","0.00546915785893"
"3484157","540120","542730","2012-10-27","0.0210476392458","0.0365775100409","0.0176642988913","0.0534366651087","0.212750203452"
"3484158","540120","542730","2012-11-01","0.0277009667152","0.232642932388","0.351525682383","0.559200026015","0.574666312565"
"3484159","540120","542730","2012-11-06","0.000147773523198","0.000555903795218","0.00134092486632","0.00976232196631","0.0269617227426"
"3484160","540120","542730","2012-11-11","0.000334166160064","0.00185098698721","0.00217389279619","0.00798483598038","0.00330771051209"
"3484161","540120","542730","2012-11-16","0.0116556943986","0.000349897703967","0.00212747715662","0.0122548550491","0.00547267594365"
"3484162","540120","542730","2012-11-21","0.00791328466088","0.00109752037383","0.00303639522129","0.027898396259","0.0704334799675"
"3484163","540120","542730","2012-11-26","0.000953906158713","0.0000157031322298","0.00027272568746","0.00129633633329","0.0204429192535"
"3484164","540120","542730","2012-12-01","0.00173518429102","0.000186402376926","0.000154585531385","0.000420143151769","0.00178643552644"
